,day,convrate,avspend,visits,Gsearchprod,online_purchases,sales,day_of_week_Friday,day_of_week_Monday,day_of_week_Saturday,day_of_week_Sunday,day_of_week_Thursday,day_of_week_Tuesday,day_of_week_Wednesday,month_April,month_August,month_December,month_February,month_January,month_July,month_June,month_March,month_May,month_November,month_October,month_September,prev_sales,diff_sales,prev_visits,diff_visits
2,2018-10-17,1.755,113.39999999999999,73563,14620,45244.34300000001,1789615.7509599999,0,0,0,0,0,0,1,0,0,0,0,0,0,0,0,0,0,1,0,1787110.45686,2505.2940999998245,73918.0,-355.0
3,2018-10-18,1.556,133.68,73579,14716,35941.450000000004,1729316.0936599998,0,0,0,0,1,0,0,0,0,0,0,0,0,0,0,0,0,1,0,1789615.7509599999,-60299.65730000008,73563.0,16.0
4,2018-10-19,1.682,121.91,73545,14679,41244.03,1777140.78792,1,0,0,0,0,0,0,0,0,0,0,0,0,0,0,0,0,1,0,1729316.0936599998,47824.69426000025,73579.0,-34.0
5,2018-10-20,1.624,121.06,74047,14748,41362.867000000006,1742946.7803900002,0,0,1,0,0,0,0,0,0,0,0,0,0,0,0,0,0,1,0,1777140.78792,-34194.00752999983,73545.0,502.0
6,2018-10-21,1.661,139.26,74812,14606,39055.03999999999,1758075.8573999999,0,0,0,1,0,0,0,0,0,0,0,0,0,0,0,0,0,1,0,1742946.7803900002,15129.077009999659,74047.0,765.0
7,2018-10-22,1.8689999999999998,113.1,74336,14690,44113.058999999994,1739392.6730399998,0,1,0,0,0,0,0,0,0,0,0,0,0,0,0,0,0,1,0,1758075.8573999999,-18683.184360000072,74812.0,-476.0
8,2018-10-23,1.58,122.86000000000001,74409,14713,43038.502,1646570.3999400001,0,0,0,0,0,1,0,0,0,0,0,0,0,0,0,0,0,1,0,1739392.6730399998,-92822.27309999964,74336.0,73.0
9,2018-10-24,1.488,138.84,74546,14487,35473.778,1763563.0709,0,0,0,0,0,0,1,0,0,0,0,0,0,0,0,0,0,1,0,1646570.3999400001,116992.67095999978,74409.0,137.0
10,2018-10-25,1.831,116.12000000000002,74135,14570,42960.037,1777229.80232,0,0,0,0,1,0,0,0,0,0,0,0,0,0,0,0,0,1,0,1763563.0709,13666.731420000084,74546.0,-411.0
11,2018-10-26,1.817,109.6,74559,14722,46331.816,1796619.10302,1,0,0,0,0,0,0,0,0,0,0,0,0,0,0,0,0,1,0,1777229.80232,19389.30070000002,74135.0,424.0
12,2018-10-27,1.738,113.03999999999999,74581,14667,45072.549,1787456.58891,0,0,1,0,0,0,0,0,0,0,0,0,0,0,0,0,0,1,0,1796619.10302,-9162.514110000106,74559.0,22.0
13,2018-10-28,1.7029999999999998,115.31,75148,14760,42673.524000000005,1765677.6721199998,0,0,0,1,0,0,0,0,0,0,0,0,0,0,0,0,0,1,0,1787456.58891,-21778.916790000163,74581.0,567.0
14,2018-10-29,1.3519999999999999,164.01,75233,14774,31879.32,1863420.8204,0,1,0,0,0,0,0,0,0,0,0,0,0,0,0,0,0,1,0,1765677.6721199998,97743.14828000031,75148.0,85.0
15,2018-10-30,1.4560000000000002,137.79,75050,14633,35920.955,1808519.64068,0,0,0,0,0,1,0,0,0,0,0,0,0,0,0,0,0,1,0,1863420.8204,-54901.17972000013,75233.0,-183.0
16,2018-10-31,1.6629999999999998,117.78999999999999,74634,14499,41233.079,1711691.2686500002,0,0,0,0,0,0,1,0,0,0,0,0,0,0,0,0,0,1,0,1808519.64068,-96828.37202999974,75050.0,-416.0
17,2018-11-01,1.624,124.57000000000001,74803,14823,42416.691000000006,1832761.8119700002,0,0,0,0,1,0,0,0,0,0,0,0,0,0,0,0,1,0,0,1711691.2686500002,121070.54331999994,74634.0,169.0
18,2018-11-02,1.42,155.37,74597,14782,33794.988,1839052.4252400002,1,0,0,0,0,0,0,0,0,0,0,0,0,0,0,0,1,0,0,1832761.8119700002,6290.613270000089,74803.0,-206.0
19,2018-11-03,1.244,167.63,74593,14762,30243.934,1794242.33422,0,0,1,0,0,0,0,0,0,0,0,0,0,0,0,0,1,0,0,1839052.4252400002,-44810.09102000017,74597.0,-4.0
20,2018-11-04,1.666,118.18,75388,14537,42701.019,1749696.36471,0,0,0,1,0,0,0,0,0,0,0,0,0,0,0,0,1,0,0,1794242.33422,-44545.969509999966,74593.0,795.0
21,2018-11-05,1.428,155.91,75477,14726,35405.388999999996,1766451.8194499998,0,1,0,0,0,0,0,0,0,0,0,0,0,0,0,0,1,0,0,1749696.36471,16755.454739999725,75388.0,89.0
22,2018-11-06,1.6520000000000001,133.24,75475,14766,41627.526,1801282.73013,0,0,0,0,0,1,0,0,0,0,0,0,0,0,0,0,1,0,0,1766451.8194499998,34830.910680000205,75477.0,-2.0
23,2018-11-07,1.692,128.67,75040,14699,40880.273,1851876.4318600001,0,0,0,0,0,0,1,0,0,0,0,0,0,0,0,0,1,0,0,1801282.73013,50593.70173000009,75475.0,-435.0
24,2018-11-08,1.582,124.85,74684,14787,42612.928,1781413.4352999998,0,0,0,0,1,0,0,0,0,0,0,0,0,0,0,0,1,0,0,1851876.4318600001,-70462.99656000035,75040.0,-356.0
25,2018-11-09,1.7880000000000003,125.1,74772,14959,42104.942,1729309.8991199997,1,0,0,0,0,0,0,0,0,0,0,0,0,0,0,0,1,0,0,1781413.4352999998,-52103.536180000054,74684.0,88.0
26,2018-11-10,1.561,137.56,74953,14777,35969.72,1719751.7482800002,0,0,1,0,0,0,0,0,0,0,0,0,0,0,0,0,1,0,0,1729309.8991199997,-9558.150839999551,74772.0,181.0
27,2018-11-11,1.3610000000000002,143.19,75563,14850,33481.564,1732233.38178,0,0,0,1,0,0,0,0,0,0,0,0,0,0,0,0,1,0,0,1719751.7482800002,12481.633499999763,74953.0,610.0
28,2018-11-12,1.8150000000000002,106.8,75048,14757,45486.888000000006,1745955.95028,0,1,0,0,0,0,0,0,0,0,0,0,0,0,0,0,1,0,0,1732233.38178,13722.568500000052,75563.0,-515.0
29,2018-11-13,1.7280000000000002,123.69000000000001,75466,14949,45892.091,1740264.24973,0,0,0,0,0,1,0,0,0,0,0,0,0,0,0,0,1,0,0,1745955.95028,-5691.70054999995,75048.0,418.0
30,2018-11-14,1.818,106.36999999999999,75265,14863,46482.671,1722179.3998700003,0,0,0,0,0,0,1,0,0,0,0,0,0,0,0,0,1,0,0,1740264.24973,-18084.849859999726,75466.0,-201.0
31,2018-11-15,2.144,96.35,75192,14550,53661.079999999994,1821720.9818399998,0,0,0,0,1,0,0,0,0,0,0,0,0,0,0,0,1,0,0,1722179.3998700003,99541.58196999948,75265.0,-73.0
32,2018-11-16,1.3279999999999998,153.57,75049,14773,33522.907999999996,1810647.48292,1,0,0,0,0,0,0,0,0,0,0,0,0,0,0,0,1,0,0,1821720.9818399998,-11073.498919999693,75192.0,-143.0
33,2018-11-17,1.737,115.19,74950,14776,46407.828,1788619.6976400004,0,0,1,0,0,0,0,0,0,0,0,0,0,0,0,0,1,0,0,1810647.48292,-22027.78527999972,75049.0,-99.0
34,2018-11-18,1.6789999999999998,124.53,75658,14792,39893.51,1765934.2059500003,0,0,0,1,0,0,0,0,0,0,0,0,0,0,0,0,1,0,0,1788619.6976400004,-22685.491690000053,74950.0,708.0
35,2018-11-19,1.487,128.2,75558,14742,38684.42999999999,1724093.66147,0,1,0,0,0,0,0,0,0,0,0,0,0,0,0,0,1,0,0,1765934.2059500003,-41840.54448000039,75658.0,-100.0
36,2018-11-20,1.624,125.15,75098,14856,39861.318,1731904.6287399998,0,0,0,0,0,1,0,0,0,0,0,0,0,0,0,0,1,0,0,1724093.66147,7810.967269999906,75558.0,-460.0
37,2018-11-21,1.6509999999999998,133.82,74963,14785,39783.235,1734325.18648,0,0,0,0,0,0,1,0,0,0,0,0,0,0,0,0,1,0,0,1731904.6287399998,2420.5577400000766,75098.0,-135.0
38,2018-11-22,1.577,133.54,74811,14821,38746.399000000005,1785687.22242,0,0,0,0,1,0,0,0,0,0,0,0,0,0,0,0,1,0,0,1734325.18648,51362.03594000009,74963.0,-152.0
39,2018-11-23,1.548,145.34,74860,14835,39493.13399999999,1819096.8394799998,1,0,0,0,0,0,0,0,0,0,0,0,0,0,0,0,1,0,0,1785687.22242,33409.617059999844,74811.0,49.0
40,2018-11-24,2.016,102.10999999999999,74904,14738,51344.027,1840135.4269899998,0,0,1,0,0,0,0,0,0,0,0,0,0,0,0,0,1,0,0,1819096.8394799998,21038.587509999983,74860.0,44.0
41,2018-11-25,1.9509999999999998,102.87,75217,14884,49134.217000000004,1790661.1455800002,0,0,0,1,0,0,0,0,0,0,0,0,0,0,0,0,1,0,0,1840135.4269899998,-49474.28140999959,74904.0,313.0
42,2018-11-26,1.506,133.82,74943,14920,38211.204,1763303.52712,0,1,0,0,0,0,0,0,0,0,0,0,0,0,0,0,1,0,0,1790661.1455800002,-27357.61846000026,75217.0,-274.0
43,2018-11-27,1.666,117.66,74703,14725,41566.417,1736749.71822,0,0,0,0,0,1,0,0,0,0,0,0,0,0,0,0,1,0,0,1763303.52712,-26553.808900000062,74943.0,-240.0
44,2018-11-28,1.7360000000000002,137.38,75008,14869,40090.988,1797936.2662799996,0,0,0,0,0,0,1,0,0,0,0,0,0,0,0,0,1,0,0,1736749.71822,61186.54805999971,74703.0,305.0
45,2018-11-29,2.011,100.82,74775,14877,51876.20800000001,1802226.3286400002,0,0,0,0,1,0,0,0,0,0,0,0,0,0,0,0,1,0,0,1797936.2662799996,4290.062360000564,75008.0,-233.0
46,2018-11-30,1.459,131.86,75218,14998,38837.585999999996,1695069.01426,1,0,0,0,0,0,0,0,0,0,0,0,0,0,0,0,1,0,0,1802226.3286400002,-107157.31438000011,74775.0,443.0
47,2018-12-01,1.4909999999999999,138.14,75670,15088,40099.648,1796081.7026000002,0,0,1,0,0,0,0,0,0,1,0,0,0,0,0,0,0,0,0,1695069.01426,101012.68834000011,75218.0,452.0
48,2018-12-02,1.494,137.05,75914,15007,36247.356,1749719.3594399998,0,0,0,1,0,0,0,0,0,1,0,0,0,0,0,0,0,0,0,1796081.7026000002,-46362.3431600004,75670.0,244.0
49,2018-12-03,1.7440000000000002,124.83999999999999,75374,14730,40788.568,1745963.6896799998,0,1,0,0,0,0,0,0,0,1,0,0,0,0,0,0,0,0,0,1749719.3594399998,-3755.6697599999607,75914.0,-540.0
50,2018-12-04,1.605,134.92,75577,15066,41801.546,1851925.8482599999,0,0,0,0,0,1,0,0,0,1,0,0,0,0,0,0,0,0,0,1745963.6896799998,105962.15858000005,75374.0,203.0
51,2018-12-05,1.517,127.28,75391,14887,38659.384000000005,1740798.8996800003,0,0,0,0,0,0,1,0,0,1,0,0,0,0,0,0,0,0,0,1851925.8482599999,-111126.94857999962,75577.0,-186.0
52,2018-12-06,1.867,114.00999999999999,75020,14829,44755.353,1730005.61565,0,0,0,0,1,0,0,0,0,1,0,0,0,0,0,0,0,0,0,1740798.8996800003,-10793.284030000214,75391.0,-371.0
53,2018-12-07,1.278,150.2,74456,14816,30658.075,1624041.7011000002,1,0,0,0,0,0,0,0,0,1,0,0,0,0,0,0,0,0,0,1730005.61565,-105963.91454999987,75020.0,-564.0
54,2018-12-08,1.6480000000000001,119.34,75405,15022,41641.551999999996,1707785.39276,0,0,1,0,0,0,0,0,0,1,0,0,0,0,0,0,0,0,0,1624041.7011000002,83743.69165999978,74456.0,949.0
55,2018-12-09,2.21,90.63,75563,15002,55713.806,1793735.96991,0,0,0,1,0,0,0,0,0,1,0,0,0,0,0,0,0,0,0,1707785.39276,85950.57715000003,75405.0,158.0
56,2018-12-10,1.429,142.65,75478,14919,37157.259000000005,1820805.0211200002,0,1,0,0,0,0,0,0,0,1,0,0,0,0,0,0,0,0,0,1793735.96991,27069.05121000018,75563.0,-85.0
57,2018-12-11,1.339,151.16,75668,14933,33821.375,1829994.8824,0,0,0,0,0,1,0,0,0,1,0,0,0,0,0,0,0,0,0,1820805.0211200002,9189.861279999837,75478.0,190.0
58,2018-12-12,1.353,159.29,76483,15667,37385.638,1931608.53304,0,0,0,0,0,0,1,0,0,1,0,0,0,0,0,0,0,0,0,1829994.8824,101613.65063999989,75668.0,815.0
59,2018-12-13,1.7860000000000003,118.61,76909,15359,45867.648,1868078.37164,0,0,0,0,1,0,0,0,0,1,0,0,0,0,0,0,0,0,0,1931608.53304,-63530.161399999866,76483.0,426.0
60,2018-12-14,1.8359999999999999,114.00999999999999,77100,15597,49810.018,1891042.03872,1,0,0,0,0,0,0,0,0,1,0,0,0,0,0,0,0,0,0,1868078.37164,22963.667080000043,76909.0,191.0
61,2018-12-15,1.733,119.34,77379,15664,46432.653999999995,1824070.14338,0,0,1,0,0,0,0,0,0,1,0,0,0,0,0,0,0,0,0,1891042.03872,-66971.89534000005,77100.0,279.0
62,2018-12-16,1.605,128.49,78198,15808,44061.852,1908177.9554400002,0,0,0,1,0,0,0,0,0,1,0,0,0,0,0,0,0,0,0,1824070.14338,84107.81206000014,77379.0,819.0
63,2018-12-17,1.5589999999999997,152.08,78060,15592,37231.34,1950499.82258,0,1,0,0,0,0,0,0,0,1,0,0,0,0,0,0,0,0,0,1908177.9554400002,42321.867139999755,78198.0,-138.0
64,2018-12-18,1.629,132.09,78051,15762,40219.88,1877214.1099999999,0,0,0,0,0,1,0,0,0,1,0,0,0,0,0,0,0,0,0,1950499.82258,-73285.71258000005,78060.0,-9.0
65,2018-12-19,1.532,150.4,77979,15767,37460.937,1920688.1627599997,0,0,0,0,0,0,1,0,0,1,0,0,0,0,0,0,0,0,0,1877214.1099999999,43474.052759999875,78051.0,-72.0
66,2018-12-20,1.959,107.98,78063,15766,49984.167,1923773.9831400001,0,0,0,0,1,0,0,0,0,1,0,0,0,0,0,0,0,0,0,1920688.1627599997,3085.8203800003976,77979.0,84.0
67,2018-12-21,1.666,124.88999999999999,77793,15466,45485.306,1849704.3499800002,1,0,0,0,0,0,0,0,0,1,0,0,0,0,0,0,0,0,0,1923773.9831400001,-74069.63315999997,78063.0,-270.0
68,2018-12-22,2.087,98.42,78016,15898,53719.221,1850473.3968000002,0,0,1,0,0,0,0,0,0,1,0,0,0,0,0,0,0,0,0,1849704.3499800002,769.0468200000469,77793.0,223.0
69,2018-12-23,1.645,131.92000000000002,78629,15598,41904.475,1901948.24699,0,0,0,1,0,0,0,0,0,1,0,0,0,0,0,0,0,0,0,1850473.3968000002,51474.85018999968,78016.0,613.0
70,2018-12-24,1.819,109.57999999999998,78113,15472,48837.053,1863331.80466,0,1,0,0,0,0,0,0,0,1,0,0,0,0,0,0,0,0,0,1901948.24699,-38616.44232999999,78629.0,-516.0
71,2018-12-25,1.4289999999999998,159.9,78641,15704,35041.406,1987518.1300599999,0,0,0,0,0,1,0,0,0,1,0,0,0,0,0,0,0,0,0,1863331.80466,124186.32539999997,78113.0,528.0
72,2018-12-26,1.6540000000000001,129.23000000000002,78735,15916,41805.792,1857486.4597200002,0,0,0,0,0,0,1,0,0,1,0,0,0,0,0,0,0,0,0,1987518.1300599999,-130031.67033999972,78641.0,94.0
73,2018-12-27,1.526,147.88,78616,15838,38267.431,1887309.2344199999,0,0,0,0,1,0,0,0,0,1,0,0,0,0,0,0,0,0,0,1857486.4597200002,29822.774699999718,78735.0,-119.0
74,2018-12-28,1.685,126.24,78493,15670,44742.331000000006,1913383.4717700002,1,0,0,0,0,0,0,0,0,1,0,0,0,0,0,0,0,0,0,1887309.2344199999,26074.2373500003,78616.0,-123.0
75,2018-12-29,1.75,121.97,78593,15579,45197.306,1959076.47849,0,0,1,0,0,0,0,0,0,1,0,0,0,0,0,0,0,0,0,1913383.4717700002,45693.006719999714,78493.0,100.0
76,2018-12-30,1.928,106.45,78727,15520,49723.344,1859367.0835199999,0,0,0,1,0,0,0,0,0,1,0,0,0,0,0,0,0,0,0,1959076.47849,-99709.39497000002,78593.0,134.0
77,2018-12-31,1.98,116.42,79215,16021,50393.292,2039370.69744,0,1,0,0,0,0,0,0,0,1,0,0,0,0,0,0,0,0,0,1859367.0835199999,180003.61392000015,78727.0,488.0
78,2019-01-01,1.4409999999999998,140.95000000000002,78191,15272,37325.443,1788643.7338199997,0,0,0,0,0,1,0,0,0,0,0,1,0,0,0,0,0,0,0,2039370.69744,-250726.9636200003,79215.0,-1024.0
79,2019-01-02,1.6949999999999998,130.44,77826,15138,42801.762,1818785.2718999998,0,0,0,0,0,0,1,0,0,0,0,1,0,0,0,0,0,0,0,1788643.7338199997,30141.538080000086,78191.0,-365.0
80,2019-01-03,2.001,92.78,77250,14975,52091.42599999999,1688816.0003,0,0,0,0,1,0,0,0,0,0,0,1,0,0,0,0,0,0,0,1818785.2718999998,-129969.27159999986,77826.0,-576.0
81,2019-01-04,1.483,141.8,76781,15038,41355.903000000006,1808139.8393100002,1,0,0,0,0,0,0,0,0,0,0,1,0,0,0,0,0,0,0,1688816.0003,119323.83901000023,77250.0,-469.0
82,2019-01-05,1.61,125.54999999999998,76737,15200,43423.514,1788203.73074,0,0,1,0,0,0,0,0,0,0,0,1,0,0,0,0,0,0,0,1808139.8393100002,-19936.108570000157,76781.0,-44.0
83,2019-01-06,1.599,132.79,76996,15202,38766.744999999995,1753326.8348799997,0,0,0,1,0,0,0,0,0,0,0,1,0,0,0,0,0,0,0,1788203.73074,-34876.89586000028,76737.0,259.0
84,2019-01-07,1.583,137.38,76699,15217,37514.016,1815487.8569999998,0,1,0,0,0,0,0,0,0,0,0,1,0,0,0,0,0,0,0,1753326.8348799997,62161.022120000096,76996.0,-297.0
85,2019-01-08,1.1589999999999998,168.66000000000003,76572,15162,30516.789999999997,1796854.30342,0,0,0,0,0,1,0,0,0,0,0,1,0,0,0,0,0,0,0,1815487.8569999998,-18633.553579999832,76699.0,-127.0
86,2019-01-09,1.783,115.92,76727,15038,47308.773,1788069.6569700001,0,0,0,0,0,0,1,0,0,0,0,1,0,0,0,0,0,0,0,1796854.30342,-8784.646449999884,76572.0,155.0
87,2019-01-10,1.882,101.52999999999999,76302,15194,48577.596,1739767.8073999998,0,0,0,0,1,0,0,0,0,0,0,1,0,0,0,0,0,0,0,1788069.6569700001,-48301.84957000031,76727.0,-425.0
88,2019-01-11,1.497,137.1,77014,15413,39325.162,1886213.0074,1,0,0,0,0,0,0,0,0,0,0,1,0,0,0,0,0,0,0,1739767.8073999998,146445.2000000002,76302.0,712.0
89,2019-01-12,2.0850000000000004,96.14000000000001,76762,15417,53165.903000000006,1841833.1683200004,0,0,1,0,0,0,0,0,0,0,0,1,0,0,0,0,0,0,0,1886213.0074,-44379.8390799996,77014.0,-252.0
90,2019-01-13,1.532,133.9,77422,15376,42486.562,1794391.9887199998,0,0,0,1,0,0,0,0,0,0,0,1,0,0,0,0,0,0,0,1841833.1683200004,-47441.179600000614,76762.0,660.0
91,2019-01-14,1.249,159.69,76716,15171,32248.576,1811850.7236000001,0,1,0,0,0,0,0,0,0,0,0,1,0,0,0,0,0,0,0,1794391.9887199998,17458.734880000353,77422.0,-706.0
92,2019-01-15,1.713,129.27,76143,14962,40296.935,1707368.35727,0,0,0,0,0,1,0,0,0,0,0,1,0,0,0,0,0,0,0,1811850.7236000001,-104482.3663300001,76716.0,-573.0
93,2019-01-16,1.456,128.94,76167,15111,39554.706000000006,1686896.54364,0,0,0,0,0,0,1,0,0,0,0,1,0,0,0,0,0,0,0,1707368.35727,-20471.81362999999,76143.0,24.0
94,2019-01-17,1.6320000000000001,118.72999999999999,76198,15326,44641.5,1775671.78536,0,0,0,0,1,0,0,0,0,0,0,1,0,0,0,0,0,0,0,1686896.54364,88775.24172000005,76167.0,31.0
95,2019-01-18,1.667,115.04999999999998,76135,15035,44433.061,1732544.89719,1,0,0,0,0,0,0,0,0,0,0,1,0,0,0,0,0,0,0,1775671.78536,-43126.888170000166,76198.0,-63.0
96,2019-01-19,1.4060000000000001,152.32,76468,15353,33938.36,1835423.184,0,0,1,0,0,0,0,0,0,0,0,1,0,0,0,0,0,0,0,1732544.89719,102878.28680999996,76135.0,333.0
97,2019-01-20,1.846,110.78,77161,15184,45683.297000000006,1821374.1978800003,0,0,0,1,0,0,0,0,0,0,0,1,0,0,0,0,0,0,0,1835423.184,-14048.98611999955,76468.0,693.0
98,2019-01-21,1.671,134.57999999999998,76936,15194,41137.829,1850051.49803,0,1,0,0,0,0,0,0,0,0,0,1,0,0,0,0,0,0,0,1821374.1978800003,28677.30014999956,77161.0,-225.0
99,2019-01-22,1.5710000000000002,136.41,76662,15274,40914.774,1812368.0236,0,0,0,0,0,1,0,0,0,0,0,1,0,0,0,0,0,0,0,1850051.49803,-37683.474429999944,76936.0,-274.0
100,2019-01-23,1.7770000000000001,128.63,76156,15250,41997.406,1755197.1524,0,0,0,0,0,0,1,0,0,0,0,1,0,0,0,0,0,0,0,1812368.0236,-57170.871199999936,76662.0,-506.0
101,2019-01-24,1.593,131.69,76133,15187,42483.285,1746458.82438,0,0,0,0,1,0,0,0,0,0,0,1,0,0,0,0,0,0,0,1755197.1524,-8738.328020000132,76156.0,-23.0
102,2019-01-25,1.569,126.37,75869,15350,39298.873,1759620.6801,1,0,0,0,0,0,0,0,0,0,0,1,0,0,0,0,0,0,0,1746458.82438,13161.855720000109,76133.0,-264.0
103,2019-01-26,1.678,122.52000000000001,75804,15165,42723.448,1717730.41096,0,0,1,0,0,0,0,0,0,0,0,1,0,0,0,0,0,0,0,1759620.6801,-41890.26913999999,75869.0,-65.0
104,2019-01-27,1.706,123.27999999999999,76299,15366,45991.350999999995,1840134.1106399999,0,0,0,1,0,0,0,0,0,0,0,1,0,0,0,0,0,0,0,1717730.41096,122403.69967999985,75804.0,495.0
105,2019-01-28,1.415,145.13,76398,15390,36624.159,1835061.2877699996,0,1,0,0,0,0,0,0,0,0,0,1,0,0,0,0,0,0,0,1840134.1106399999,-5072.8228700002655,76299.0,99.0
106,2019-01-29,1.4769999999999999,124.16,76682,15157,38886.308,1709458.7045999996,0,0,0,0,0,1,0,0,0,0,0,1,0,0,0,0,0,0,0,1835061.2877699996,-125602.58317,76398.0,284.0
107,2019-01-30,1.5699999999999998,135.17000000000002,76788,15291,38539.056,1870308.8570700001,0,0,0,0,0,0,1,0,0,0,0,1,0,0,0,0,0,0,0,1709458.7045999996,160850.15247000055,76682.0,106.0
108,2019-01-31,1.5,133.87,76113,15075,37469.83500000001,1786171.8697200003,0,0,0,0,1,0,0,0,0,0,0,1,0,0,0,0,0,0,0,1870308.8570700001,-84136.98734999984,76788.0,-675.0
109,2019-02-01,1.947,98.75,76238,15348,50460.356,1755170.1363400002,1,0,0,0,0,0,0,0,0,0,1,0,0,0,0,0,0,0,0,1786171.8697200003,-31001.733380000107,76113.0,125.0
110,2019-02-02,1.968,107.38,76739,15258,49685.834,1840701.9361999999,0,0,1,0,0,0,0,0,0,0,1,0,0,0,0,0,0,0,0,1755170.1363400002,85531.79985999968,76238.0,501.0
111,2019-02-03,1.617,115.76,77379,15428,44045.797,1731820.19018,0,0,0,1,0,0,0,0,0,0,1,0,0,0,0,0,0,0,0,1840701.9361999999,-108881.74601999996,76739.0,640.0
112,2019-02-04,1.742,117.99,77194,15313,45316.057,1898515.89284,0,1,0,0,0,0,0,0,0,0,1,0,0,0,0,0,0,0,0,1731820.19018,166695.70266000018,77379.0,-185.0
113,2019-02-05,1.7429999999999999,112.45,76665,15289,44488.632,1776182.0974399997,0,0,0,0,0,1,0,0,0,0,1,0,0,0,0,0,0,0,0,1898515.89284,-122333.79540000041,77194.0,-529.0
114,2019-02-06,1.769,107.97999999999999,76284,15288,46577.041999999994,1740232.77559,0,0,0,0,0,0,1,0,0,0,1,0,0,0,0,0,0,0,0,1776182.0974399997,-35949.32184999972,76665.0,-381.0
115,2019-02-07,1.805,115.36999999999999,76285,15092,48421.768,1845696.05618,0,0,0,0,1,0,0,0,0,0,1,0,0,0,0,0,0,0,0,1740232.77559,105463.2805900001,76284.0,1.0
116,2019-02-08,1.6480000000000001,125.60000000000001,76499,15490,43920.71399999999,1831125.0346300001,1,0,0,0,0,0,0,0,0,0,1,0,0,0,0,0,0,0,0,1845696.05618,-14571.021549999947,76285.0,214.0
117,2019-02-09,1.854,106.97,76414,15135,46802.478,1809533.9795400002,0,0,1,0,0,0,0,0,0,0,1,0,0,0,0,0,0,0,0,1831125.0346300001,-21591.05508999992,76499.0,-85.0
118,2019-02-10,1.639,117.66,76741,15379,43306.804000000004,1774488.1081400001,0,0,0,1,0,0,0,0,0,0,1,0,0,0,0,0,0,0,0,1809533.9795400002,-35045.87140000006,76414.0,327.0
119,2019-02-11,1.581,143.75,76698,15258,39020.026,1789039.2206000001,0,1,0,0,0,0,0,0,0,0,1,0,0,0,0,0,0,0,0,1774488.1081400001,14551.112459999975,76741.0,-43.0
120,2019-02-12,1.779,114.59,76412,15230,46383.559,1818186.36875,0,0,0,0,0,1,0,0,0,0,1,0,0,0,0,0,0,0,0,1789039.2206000001,29147.14814999979,76698.0,-286.0
121,2019-02-13,1.725,120.78999999999999,76789,15529,45786.699,1897573.4362399997,0,0,0,0,0,0,1,0,0,0,1,0,0,0,0,0,0,0,0,1818186.36875,79387.06748999981,76412.0,377.0
122,2019-02-14,1.503,131.57,76558,15353,39196.398,1830084.68646,0,0,0,0,1,0,0,0,0,0,1,0,0,0,0,0,0,0,0,1897573.4362399997,-67488.74977999972,76789.0,-231.0
123,2019-02-15,1.6650000000000003,118.65,76703,15270,43241.803,1822032.3076500003,1,0,0,0,0,0,0,0,0,0,1,0,0,0,0,0,0,0,0,1830084.68646,-8052.378809999675,76558.0,145.0
124,2019-02-16,1.5010000000000001,142.66,76315,15230,38073.017,1804906.6495000003,0,0,1,0,0,0,0,0,0,0,1,0,0,0,0,0,0,0,0,1822032.3076500003,-17125.658150000032,76703.0,-388.0
125,2019-02-17,1.659,122.99,76288,15375,43125.99800000001,1830158.7404300002,0,0,0,1,0,0,0,0,0,0,1,0,0,0,0,0,0,0,0,1804906.6495000003,25252.090929999948,76315.0,-27.0
126,2019-02-18,1.611,125.96,75965,15162,40990.697,1805565.72506,0,1,0,0,0,0,0,0,0,0,1,0,0,0,0,0,0,0,0,1830158.7404300002,-24593.015370000154,76288.0,-323.0
127,2019-02-19,1.361,145.81,76329,15315,34992.999,1733474.2558500003,0,0,0,0,0,1,0,0,0,0,1,0,0,0,0,0,0,0,0,1805565.72506,-72091.46920999978,75965.0,364.0
128,2019-02-20,1.678,127.50999999999999,76493,15182,43013.966,1794367.3008700002,0,0,0,0,0,0,1,0,0,0,1,0,0,0,0,0,0,0,0,1733474.2558500003,60893.045019999845,76329.0,164.0
129,2019-02-21,1.584,133.37,76608,15619,40506.345,1868688.9123300002,0,0,0,0,1,0,0,0,0,0,1,0,0,0,0,0,0,0,0,1794367.3008700002,74321.61146000004,76493.0,115.0
130,2019-02-22,1.571,135.94,76823,15619,37467.030999999995,1780597.05508,1,0,0,0,0,0,0,0,0,0,1,0,0,0,0,0,0,0,0,1868688.9123300002,-88091.85725000012,76608.0,215.0
131,2019-02-23,1.798,114.52000000000001,77135,15519,47958.623999999996,1894481.14361,0,0,1,0,0,0,0,0,0,0,1,0,0,0,0,0,0,0,0,1780597.05508,113884.08852999983,76823.0,312.0
132,2019-02-24,1.5950000000000002,142.37,77169,15462,41106.545000000006,1822813.8125900002,0,0,0,1,0,0,0,0,0,0,1,0,0,0,0,0,0,0,0,1894481.14361,-71667.33101999969,77135.0,34.0
133,2019-02-25,1.6420000000000003,127.18,76372,15261,41717.175,1874157.5465400002,0,1,0,0,0,0,0,0,0,0,1,0,0,0,0,0,0,0,0,1822813.8125900002,51343.73395000002,77169.0,-797.0
134,2019-02-26,1.723,114.16,77037,15357,43771.001000000004,1762786.1452000001,0,0,0,0,0,1,0,0,0,0,1,0,0,0,0,0,0,0,0,1874157.5465400002,-111371.4013400001,76372.0,665.0
135,2019-02-27,1.4500000000000002,140.95,77163,15262,38196.063,1877919.27988,0,0,0,0,0,0,1,0,0,0,1,0,0,0,0,0,0,0,0,1762786.1452000001,115133.1346799999,77037.0,126.0
136,2019-02-28,1.541,130.04,76951,15444,38701.417,1781985.01471,0,0,0,0,1,0,0,0,0,0,1,0,0,0,0,0,0,0,0,1877919.27988,-95934.26517000003,77163.0,-212.0
137,2019-03-01,1.658,121.64,76966,15586,42735.005,1814359.4681799999,1,0,0,0,0,0,0,0,0,0,0,0,0,0,1,0,0,0,0,1781985.01471,32374.453469999833,76951.0,15.0
138,2019-03-02,1.928,103.74000000000001,76614,15236,49978.340000000004,1822782.06798,0,0,1,0,0,0,0,0,0,0,0,0,0,0,1,0,0,0,0,1814359.4681799999,8422.5998000002,76966.0,-352.0
139,2019-03-03,1.641,124.58,76816,15200,43160.816999999995,1735811.18298,0,0,0,1,0,0,0,0,0,0,0,0,0,0,1,0,0,0,0,1822782.06798,-86970.88500000001,76614.0,202.0
140,2019-03-04,1.384,150.93,76704,15342,34380.05,1783329.86656,0,1,0,0,0,0,0,0,0,0,0,0,0,0,1,0,0,0,0,1735811.18298,47518.68357999995,76816.0,-112.0
141,2019-03-05,1.542,145.36,76538,15182,38477.945999999996,1757266.84648,0,0,0,0,0,1,0,0,0,0,0,0,0,0,1,0,0,0,0,1783329.86656,-26063.02007999993,76704.0,-166.0
142,2019-03-06,1.655,130.4,76367,15297,40156.055,1827706.8455000003,0,0,0,0,0,0,1,0,0,0,0,0,0,0,1,0,0,0,0,1757266.84648,70439.99902000022,76538.0,-171.0
143,2019-03-07,1.46,138.47,76319,15500,36316.137,1805970.5777,0,0,0,0,1,0,0,0,0,0,0,0,0,0,1,0,0,0,0,1827706.8455000003,-21736.267800000263,76367.0,-48.0
144,2019-03-08,1.813,121.69999999999999,76429,15649,43328.552,1796367.56924,1,0,0,0,0,0,0,0,0,0,0,0,0,0,1,0,0,0,0,1805970.5777,-9603.008459999925,76319.0,110.0
145,2019-03-09,1.546,140.01,77147,15701,40523.793000000005,1820144.83893,0,0,1,0,0,0,0,0,0,0,0,0,0,0,1,0,0,0,0,1796367.56924,23777.269689999986,76429.0,718.0
146,2019-03-10,1.327,149.24,78047,15567,34582.287,1842270.35776,0,0,0,1,0,0,0,0,0,0,0,0,0,0,1,0,0,0,0,1820144.83893,22125.518829999957,77147.0,900.0
147,2019-03-11,1.8399999999999999,108.61999999999999,78001,15644,47284.918000000005,1800077.5574600003,0,1,0,0,0,0,0,0,0,0,0,0,0,0,1,0,0,0,0,1842270.35776,-42192.80029999977,78047.0,-46.0
148,2019-03-12,1.548,138.14999999999998,77693,15425,41383.812,1880731.40322,0,0,0,0,0,1,0,0,0,0,0,0,0,0,1,0,0,0,0,1800077.5574600003,80653.8457599997,78001.0,-308.0
149,2019-03-13,1.438,134.46,77573,15508,38128.459,1790770.4918,0,0,0,0,0,0,1,0,0,0,0,0,0,0,1,0,0,0,0,1880731.40322,-89960.91142000002,77693.0,-120.0
150,2019-03-14,1.8050000000000002,117.92,77341,15394,44776.549,1827239.7987800003,0,0,0,0,1,0,0,0,0,0,0,0,0,0,1,0,0,0,0,1790770.4918,36469.30698000034,77573.0,-232.0
151,2019-03-15,1.324,159.08,77195,15656,33079.067,1894853.4164899997,1,0,0,0,0,0,0,0,0,0,0,0,0,0,1,0,0,0,0,1827239.7987800003,67613.61770999944,77341.0,-146.0
152,2019-03-16,2.0460000000000003,98.99,77283,15404,52066.062000000005,1833434.2596,0,0,1,0,0,0,0,0,0,0,0,0,0,0,1,0,0,0,0,1894853.4164899997,-61419.15688999975,77195.0,88.0
153,2019-03-17,1.35,157.18,77863,15455,33629.25,1894066.7209200002,0,0,0,1,0,0,0,0,0,0,0,0,0,0,1,0,0,0,0,1833434.2596,60632.461320000235,77283.0,580.0
154,2019-03-18,1.225,163.49,77358,15506,32083.443000000003,1889080.6508100005,0,1,0,0,0,0,0,0,0,0,0,0,0,0,1,0,0,0,0,1894066.7209200002,-4986.070109999739,77863.0,-505.0
155,2019-03-19,1.8530000000000002,106.66999999999999,77312,15584,48043.166,1840534.40342,0,0,0,0,0,1,0,0,0,0,0,0,0,0,1,0,0,0,0,1889080.6508100005,-48546.24739000038,77358.0,-46.0
156,2019-03-20,1.764,116.83000000000001,77300,15646,43356.118,1809743.1298800001,0,0,0,0,0,0,1,0,0,0,0,0,0,0,1,0,0,0,0,1840534.40342,-30791.273539999966,77312.0,-12.0
157,2019-03-21,1.7760000000000002,118.77000000000001,77490,15787,44832.83500000001,1800104.9943500003,0,0,0,0,1,0,0,0,0,0,0,0,0,0,1,0,0,0,0,1809743.1298800001,-9638.135529999854,77300.0,190.0
158,2019-03-22,1.461,135.22,77445,15581,40724.797,1781620.02334,1,0,0,0,0,0,0,0,0,0,0,0,0,0,1,0,0,0,0,1800104.9943500003,-18484.971010000212,77490.0,-45.0
159,2019-03-23,1.709,123.97,77435,15438,42613.848,1796357.6762400002,0,0,1,0,0,0,0,0,0,0,0,0,0,0,1,0,0,0,0,1781620.02334,14737.652900000103,77445.0,-10.0
160,2019-03-24,1.384,142.15,78140,15731,34701.304,1774022.7493,0,0,0,1,0,0,0,0,0,0,0,0,0,0,1,0,0,0,0,1796357.6762400002,-22334.92694000015,77435.0,705.0
161,2019-03-25,1.421,151.16,77860,15418,33573.984,1764673.3613399998,0,1,0,0,0,0,0,0,0,0,0,0,0,0,1,0,0,0,0,1774022.7493,-9349.387960000196,78140.0,-280.0
162,2019-03-26,1.734,121.77000000000001,77693,15469,44880.58899999999,1862534.13605,0,0,0,0,0,1,0,0,0,0,0,0,0,0,1,0,0,0,0,1764673.3613399998,97860.77471000026,77860.0,-167.0
163,2019-03-27,1.824,110.66,77553,15706,48852.224,1862241.4630800001,0,0,0,0,0,0,1,0,0,0,0,0,0,0,1,0,0,0,0,1862534.13605,-292.67296999995597,77693.0,-140.0
164,2019-03-28,1.807,129.35000000000002,77236,15555,42845.988,1812316.19652,0,0,0,0,1,0,0,0,0,0,0,0,0,0,1,0,0,0,0,1862241.4630800001,-49925.266560000135,77553.0,-317.0
165,2019-03-29,2.052,97.93,77098,15619,53800.692,1834948.8210800001,1,0,0,0,0,0,0,0,0,0,0,0,0,0,1,0,0,0,0,1812316.19652,22632.624560000142,77236.0,-138.0
166,2019-03-30,1.588,125.43,77105,15620,40437.696,1823476.3905600002,0,0,1,0,0,0,0,0,0,0,0,0,0,0,1,0,0,0,0,1834948.8210800001,-11472.430519999936,77098.0,7.0
167,2019-03-31,1.342,161.06,77959,15604,33826.931,1869102.52859,0,0,0,1,0,0,0,0,0,0,0,0,0,0,1,0,0,0,0,1823476.3905600002,45626.1380299998,77105.0,854.0
168,2019-04-01,1.641,138.51,77391,15338,40981.077,1846591.60491,0,1,0,0,0,0,0,1,0,0,0,0,0,0,0,0,0,0,0,1869102.52859,-22510.923680000007,77959.0,-568.0
169,2019-04-02,1.851,109.61,77624,15886,46844.586,1844059.73738,0,0,0,0,0,1,0,1,0,0,0,0,0,0,0,0,0,0,0,1846591.60491,-2531.8675299999304,77391.0,233.0
170,2019-04-03,1.5060000000000002,141.75,77909,15725,37740.932,1843951.40919,0,0,0,0,0,0,1,1,0,0,0,0,0,0,0,0,0,0,0,1844059.73738,-108.32819000002928,77624.0,285.0
171,2019-04-04,1.475,140.31,77654,15537,35596.063,1752912.32895,0,0,0,0,1,0,0,1,0,0,0,0,0,0,0,0,0,0,0,1843951.40919,-91039.08024000004,77909.0,-255.0
172,2019-04-05,1.5020000000000002,130.07,77300,15531,39786.244,1821030.9004,1,0,0,0,0,0,0,1,0,0,0,0,0,0,0,0,0,0,0,1752912.32895,68118.57144999993,77654.0,-354.0
173,2019-04-06,1.721,123.84,77620,15817,47469.474,1816747.7182799997,0,0,1,0,0,0,0,1,0,0,0,0,0,0,0,0,0,0,0,1821030.9004,-4283.182120000245,77300.0,320.0
174,2019-04-07,1.5989999999999998,131.77,78370,15626,42779.013,1923505.8480000002,0,0,0,1,0,0,0,1,0,0,0,0,0,0,0,0,0,0,0,1816747.7182799997,106758.12972000055,77620.0,750.0
175,2019-04-08,1.276,158.55,78377,15883,33069.796,1867709.4145600002,0,1,0,0,0,0,0,1,0,0,0,0,0,0,0,0,0,0,0,1923505.8480000002,-55796.43344000005,78370.0,7.0
176,2019-04-09,1.502,129.89999999999998,78139,15659,40112.194,1827731.1157299997,0,0,0,0,0,1,0,1,0,0,0,0,0,0,0,0,0,0,0,1867709.4145600002,-39978.29883000045,78377.0,-238.0
177,2019-04-10,1.8530000000000002,106.87,77889,15585,48991.663,1838003.1963999998,0,0,0,0,0,0,1,1,0,0,0,0,0,0,0,0,0,0,0,1827731.1157299997,10272.080670000054,78139.0,-250.0
178,2019-04-11,1.875,99.56,78007,16005,48996.914,1751457.7225799998,0,0,0,0,1,0,0,1,0,0,0,0,0,0,0,0,0,0,0,1838003.1963999998,-86545.47381999996,77889.0,118.0
179,2019-04-12,1.8599999999999999,108.94,77831,15618,49988.142,1864265.8434800003,1,0,0,0,0,0,0,1,0,0,0,0,0,0,0,0,0,0,0,1751457.7225799998,112808.12090000045,78007.0,-176.0
180,2019-04-13,1.694,112.77,78177,15840,45113.013999999996,1790831.0790999997,0,0,1,0,0,0,0,1,0,0,0,0,0,0,0,0,0,0,0,1864265.8434800003,-73434.76438000053,77831.0,346.0
181,2019-04-14,1.674,122.16000000000001,78704,15715,45284.979999999996,1839661.29284,0,0,0,1,0,0,0,1,0,0,0,0,0,0,0,0,0,0,0,1790831.0790999997,48830.21374000027,78177.0,527.0
182,2019-04-15,1.7120000000000002,119.1,78166,15603,44992.068,1847523.6619600002,0,1,0,0,0,0,0,1,0,0,0,0,0,0,0,0,0,0,0,1839661.29284,7862.369120000163,78704.0,-538.0
183,2019-04-16,1.4829999999999999,143.54000000000002,77896,16004,36790.24,1879893.6634,0,0,0,0,0,1,0,1,0,0,0,0,0,0,0,0,0,0,0,1847523.6619600002,32370.00143999979,78166.0,-270.0
184,2019-04-17,1.5060000000000002,130.45,77631,15931,39220.098,1829250.04131,0,0,0,0,0,0,1,1,0,0,0,0,0,0,0,0,0,0,0,1879893.6634,-50643.62208999996,77896.0,-265.0
185,2019-04-18,1.484,144.8,77791,15701,35221.508,1761279.25164,0,0,0,0,1,0,0,1,0,0,0,0,0,0,0,0,0,0,0,1829250.04131,-67970.78967000009,77631.0,160.0
186,2019-04-19,1.2280000000000002,160.56,77717,15814,31402.544,1795095.2496,1,0,0,0,0,0,0,1,0,0,0,0,0,0,0,0,0,0,0,1761279.25164,33815.997960000066,77791.0,-74.0
187,2019-04-20,1.3090000000000002,148.31,77775,15639,33228.679000000004,1784462.8320499999,0,0,1,0,0,0,0,1,0,0,0,0,0,0,0,0,0,0,0,1795095.2496,-10632.41755000013,77717.0,58.0
188,2019-04-21,1.6600000000000001,124.19999999999999,78403,15877,43667.242,1926885.1703,0,0,0,1,0,0,0,1,0,0,0,0,0,0,0,0,0,0,0,1784462.8320499999,142422.33825000026,77775.0,628.0
189,2019-04-22,2.093,94.75,78432,16001,55216.594,1830273.49939,0,1,0,0,0,0,0,1,0,0,0,0,0,0,0,0,0,0,0,1926885.1703,-96611.6709100001,78403.0,29.0
190,2019-04-23,1.518,131.34,78312,15885,40303.757,1848238.3740599998,0,0,0,0,0,1,0,1,0,0,0,0,0,0,0,0,0,0,0,1830273.49939,17964.874669999816,78432.0,-120.0
191,2019-04-24,1.192,175.07999999999998,78038,15667,30762.782,1838646.2703,0,0,0,0,0,0,1,1,0,0,0,0,0,0,0,0,0,0,0,1848238.3740599998,-9592.103759999853,78312.0,-274.0
192,2019-04-25,1.496,139.07999999999998,78209,15877,40412.936,1853720.5608,0,0,0,0,1,0,0,1,0,0,0,0,0,0,0,0,0,0,0,1838646.2703,15074.29050000012,78038.0,171.0
193,2019-04-26,1.7839999999999998,119.59,78264,15831,46894.65899999999,1941808.0768799998,1,0,0,0,0,0,0,1,0,0,0,0,0,0,0,0,0,0,0,1853720.5608,88087.51607999974,78209.0,55.0
194,2019-04-27,1.4549999999999998,140.01,78502,15743,36692.299,1857638.11526,0,0,1,0,0,0,0,1,0,0,0,0,0,0,0,0,0,0,0,1941808.0768799998,-84169.96161999973,78264.0,238.0
195,2019-04-28,2.06,99.99,78975,15765,52770.422999999995,1851015.76599,0,0,0,1,0,0,0,1,0,0,0,0,0,0,0,0,0,0,0,1857638.11526,-6622.3492700001225,78502.0,473.0
196,2019-04-29,1.266,167.84999999999997,78209,15817,32515.932,1843391.1355099997,0,1,0,0,0,0,0,1,0,0,0,0,0,0,0,0,0,0,0,1851015.76599,-7624.630480000284,78975.0,-766.0
197,2019-04-30,1.6889999999999998,117.41,78366,15868,45070.37299999999,1808368.19073,0,0,0,0,0,1,0,1,0,0,0,0,0,0,0,0,0,0,0,1843391.1355099997,-35022.94477999979,78209.0,157.0
198,2019-05-01,1.8479999999999999,113.89,78602,15904,46367.473999999995,1783414.3466399997,0,0,0,0,0,0,1,0,0,0,0,0,0,0,0,1,0,0,0,1808368.19073,-24953.84409000026,78366.0,236.0
199,2019-05-02,1.589,131.32,78491,15927,41850.391,1896651.89134,0,0,0,0,1,0,0,0,0,0,0,0,0,0,0,1,0,0,0,1783414.3466399997,113237.54470000044,78602.0,-111.0
200,2019-05-03,1.9789999999999999,101.88000000000001,78469,15759,52538.221999999994,1832472.51848,1,0,0,0,0,0,0,0,0,0,0,0,0,0,0,1,0,0,0,1896651.89134,-64179.37286,78491.0,-22.0
201,2019-05-04,1.571,139.71,78600,15943,38211.564,1846825.74468,0,0,1,0,0,0,0,0,0,0,0,0,0,0,0,1,0,0,0,1832472.51848,14353.226199999917,78469.0,131.0
202,2019-05-05,1.687,124.41,79180,15814,41664.041,1820639.6855099997,0,0,0,1,0,0,0,0,0,0,0,0,0,0,0,1,0,0,0,1846825.74468,-26186.059170000255,78600.0,580.0
203,2019-05-06,1.775,115.6,78664,15794,45221.832,1846392.488,0,1,0,0,0,0,0,0,0,0,0,0,0,0,0,1,0,0,0,1820639.6855099997,25752.802490000147,79180.0,-516.0
204,2019-05-07,2.008,99.1,78545,15816,54143.20999999999,1857338.56986,0,0,0,0,0,1,0,0,0,0,0,0,0,0,0,1,0,0,0,1846392.488,10946.081860000035,78664.0,-119.0
205,2019-05-08,1.764,121.9,78110,15609,45652.706000000006,1928552.0929,0,0,0,0,0,0,1,0,0,0,0,0,0,0,0,1,0,0,0,1857338.56986,71213.52304000012,78545.0,-435.0
206,2019-05-09,1.508,129.8,78505,16071,43140.653,1789462.6531099998,0,0,0,0,1,0,0,0,0,0,0,0,0,0,0,1,0,0,0,1928552.0929,-139089.4397900002,78110.0,395.0
207,2019-05-10,1.9649999999999999,110.21000000000001,78494,15763,49005.544,1859427.98374,1,0,0,0,0,0,0,0,0,0,0,0,0,0,0,1,0,0,0,1789462.6531099998,69965.33063000022,78505.0,-11.0
208,2019-05-11,1.979,101.55000000000001,78266,15916,50919.52099999999,1851682.1902299998,0,0,1,0,0,0,0,0,0,0,0,0,0,0,0,1,0,0,0,1859427.98374,-7745.793510000221,78494.0,-228.0
209,2019-05-12,2.0,103.44,79026,15882,50969.299,1844661.56556,0,0,0,1,0,0,0,0,0,0,0,0,0,0,0,1,0,0,0,1851682.1902299998,-7020.6246699998155,78266.0,760.0
210,2019-05-13,1.285,164.38000000000002,78810,15871,32529.744,1863667.72128,0,1,0,0,0,0,0,0,0,0,0,0,0,0,0,1,0,0,0,1844661.56556,19006.155719999922,79026.0,-216.0
211,2019-05-14,1.6420000000000001,131.83,78850,15739,43539.445,1860669.92416,0,0,0,0,0,1,0,0,0,0,0,0,0,0,0,1,0,0,0,1863667.72128,-2997.797120000003,78810.0,40.0
212,2019-05-15,1.9729999999999999,111.75,78684,15764,49986.402,1921010.46024,0,0,0,0,0,0,1,0,0,0,0,0,0,0,0,1,0,0,0,1860669.92416,60340.53607999999,78850.0,-166.0
213,2019-05-16,1.4060000000000001,138.48000000000002,79038,16294,37635.627,1796877.3410299998,0,0,0,0,1,0,0,0,0,0,0,0,0,0,0,1,0,0,0,1921010.46024,-124133.11921000015,78684.0,354.0
214,2019-05-17,2.117,93.73,78649,15629,55715.735,1863283.54353,1,0,0,0,0,0,0,0,0,0,0,0,0,0,0,1,0,0,0,1796877.3410299998,66406.20250000013,79038.0,-389.0
215,2019-05-18,1.484,150.8,78268,15696,37922.257,1868935.0549500003,0,0,1,0,0,0,0,0,0,0,0,0,0,0,0,1,0,0,0,1863283.54353,5651.5114200003445,78649.0,-381.0
216,2019-05-19,1.729,114.96000000000001,78527,15725,47104.422000000006,1881207.2422000002,0,0,0,1,0,0,0,0,0,0,0,0,0,0,0,1,0,0,0,1868935.0549500003,12272.187249999959,78268.0,259.0
217,2019-05-20,1.706,128.53,78848,16029,43214.291,1901300.6169299998,0,1,0,0,0,0,0,0,0,0,0,0,0,0,0,1,0,0,0,1881207.2422000002,20093.374729999574,78527.0,321.0
218,2019-05-21,1.3719999999999999,148.83,78168,15866,34000.979999999996,1802504.01426,0,0,0,0,0,1,0,0,0,0,0,0,0,0,0,1,0,0,0,1901300.6169299998,-98796.6026699997,78848.0,-680.0
219,2019-05-22,1.483,129.85,78357,15723,38185.57,1771377.8999200002,0,0,0,0,0,0,1,0,0,0,0,0,0,0,0,1,0,0,0,1802504.01426,-31126.114339999855,78168.0,189.0
220,2019-05-23,1.7079999999999997,122.21,78516,15779,45585.584,1893880.13776,0,0,0,0,1,0,0,0,0,0,0,0,0,0,0,1,0,0,0,1771377.8999200002,122502.23783999984,78357.0,159.0
221,2019-05-24,1.551,132.61,78708,16176,39087.704,1861863.8476400003,1,0,0,0,0,0,0,0,0,0,0,0,0,0,0,1,0,0,0,1893880.13776,-32016.290119999787,78516.0,192.0
222,2019-05-25,1.335,152.98000000000002,78506,15635,35793.038,1876546.21413,0,0,1,0,0,0,0,0,0,0,0,0,0,0,0,1,0,0,0,1861863.8476400003,14682.366489999695,78708.0,-202.0
223,2019-05-26,1.5270000000000001,132.36,79565,16109,39393.315,1836989.46875,0,0,0,1,0,0,0,0,0,0,0,0,0,0,0,1,0,0,0,1876546.21413,-39556.74537999998,78506.0,1059.0
224,2019-05-27,1.561,124.5,79597,15809,41437.664,1825580.5664799998,0,1,0,0,0,0,0,0,0,0,0,0,0,0,0,1,0,0,0,1836989.46875,-11408.902270000195,79565.0,32.0
225,2019-05-28,1.65,142.08,79316,15952,41455.242999999995,1865261.2790799998,0,0,0,0,0,1,0,0,0,0,0,0,0,0,0,1,0,0,0,1825580.5664799998,39680.71259999997,79597.0,-281.0
226,2019-05-29,1.447,156.9,79049,15941,36631.869,1928170.18274,0,0,0,0,0,0,1,0,0,0,0,0,0,0,0,1,0,0,0,1865261.2790799998,62908.9036600003,79316.0,-267.0
227,2019-05-30,1.5339999999999998,130.06,79086,16108,41984.50199999999,1890865.7595600002,0,0,0,0,1,0,0,0,0,0,0,0,0,0,0,1,0,0,0,1928170.18274,-37304.423179999925,79049.0,37.0
228,2019-05-31,1.921,108.13,78592,15735,52346.15000000001,1863693.34914,1,0,0,0,0,0,0,0,0,0,0,0,0,0,0,1,0,0,0,1890865.7595600002,-27172.410420000087,79086.0,-494.0
229,2019-06-01,1.505,141.49,78816,15916,42942.04,1914872.4242000002,0,0,1,0,0,0,0,0,0,0,0,0,0,1,0,0,0,0,0,1863693.34914,51179.07506000018,78592.0,224.0
230,2019-06-02,1.692,121.63000000000001,79818,16270,46660.164000000004,1984675.7549400004,0,0,0,1,0,0,0,0,0,0,0,0,0,1,0,0,0,0,0,1914872.4242000002,69803.33074000012,78816.0,1002.0
231,2019-06-03,1.5410000000000001,137.59,79763,16081,38605.90700000001,1859266.8101500003,0,1,0,0,0,0,0,0,0,0,0,0,0,1,0,0,0,0,0,1984675.7549400004,-125408.9447900001,79818.0,-55.0
232,2019-06-04,1.627,123.47999999999999,79205,15935,41506.66100000001,1841226.57703,0,0,0,0,0,1,0,0,0,0,0,0,0,1,0,0,0,0,0,1859266.8101500003,-18040.233120000223,79763.0,-558.0
233,2019-06-05,1.6079999999999999,130.18,79136,16077,40478.252,1889979.99204,0,0,0,0,0,0,1,0,0,0,0,0,0,1,0,0,0,0,0,1841226.57703,48753.41500999988,79205.0,-69.0
234,2019-06-06,1.668,119.83999999999999,79195,16051,45248.615,1873453.32069,0,0,0,0,1,0,0,0,0,0,0,0,0,1,0,0,0,0,0,1889979.99204,-16526.67134999996,79136.0,59.0
235,2019-06-07,1.851,103.88,78657,15956,49071.035,1804620.1281,1,0,0,0,0,0,0,0,0,0,0,0,0,1,0,0,0,0,0,1873453.32069,-68833.19258999988,79195.0,-538.0
236,2019-06-08,1.739,118.86,78485,16076,48252.466,1886311.64574,0,0,1,0,0,0,0,0,0,0,0,0,0,1,0,0,0,0,0,1804620.1281,81691.51763999998,78657.0,-172.0
237,2019-06-09,1.4979999999999998,143.07999999999998,79664,16433,40955.46799999999,1835499.5752000003,0,0,0,1,0,0,0,0,0,0,0,0,0,1,0,0,0,0,0,1886311.64574,-50812.07053999975,78485.0,1179.0
238,2019-06-10,1.5749999999999997,122.84,79157,16109,40894.763999999996,1786425.58644,0,1,0,0,0,0,0,0,0,0,0,0,0,1,0,0,0,0,0,1835499.5752000003,-49073.98876000033,79664.0,-507.0
239,2019-06-11,1.486,166.49,78841,16227,38822.19,1972988.6253000002,0,0,0,0,0,1,0,0,0,0,0,0,0,1,0,0,0,0,0,1786425.58644,186563.0388600002,79157.0,-316.0
240,2019-06-12,1.7900000000000003,112.71,79315,16218,49420.394,1914824.1386800003,0,0,0,0,0,0,1,0,0,0,0,0,0,1,0,0,0,0,0,1972988.6253000002,-58164.486619999865,78841.0,474.0
241,2019-06-13,1.418,149.67000000000002,79037,15904,35153.191000000006,1857725.7819100001,0,0,0,0,1,0,0,0,0,0,0,0,0,1,0,0,0,0,0,1914824.1386800003,-57098.35677000019,79315.0,-278.0
242,2019-06-14,1.617,130.54,78820,16177,41276.668000000005,1820588.9571600002,1,0,0,0,0,0,0,0,0,0,0,0,0,1,0,0,0,0,0,1857725.7819100001,-37136.82474999991,79037.0,-217.0
243,2019-06-15,1.307,164.74,79138,16130,32931.53,1909156.3732800002,0,0,1,0,0,0,0,0,0,0,0,0,0,1,0,0,0,0,0,1820588.9571600002,88567.41611999995,78820.0,318.0
244,2019-06-16,1.766,112.22999999999999,79413,15961,48855.899,1882089.94178,0,0,0,1,0,0,0,0,0,0,0,0,0,1,0,0,0,0,0,1909156.3732800002,-27066.43150000018,79138.0,275.0
245,2019-06-17,1.6239999999999999,121.80000000000001,79256,16080,45384.865,1859995.70688,0,1,0,0,0,0,0,0,0,0,0,0,0,1,0,0,0,0,0,1882089.94178,-22094.23490000004,79413.0,-157.0
246,2019-06-18,1.532,126.44,79259,16073,42089.104,1776118.59912,0,0,0,0,0,1,0,0,0,0,0,0,0,1,0,0,0,0,0,1859995.70688,-83877.10776000004,79256.0,3.0
247,2019-06-19,1.764,114.72,79133,16071,45228.145000000004,1846235.42814,0,0,0,0,0,0,1,0,0,0,0,0,0,1,0,0,0,0,0,1776118.59912,70116.82902000006,79259.0,-126.0
248,2019-06-20,1.796,116.9,78472,15713,45376.911,1854662.49798,0,0,0,0,1,0,0,0,0,0,0,0,0,1,0,0,0,0,0,1846235.42814,8427.069840000011,79133.0,-661.0
249,2019-06-21,1.5440000000000003,128.54,78972,16472,40806.967000000004,1871127.4673800003,1,0,0,0,0,0,0,0,0,0,0,0,0,1,0,0,0,0,0,1854662.49798,16464.969400000293,78472.0,500.0
250,2019-06-22,1.808,112.76,78860,15932,48971.382,1808665.36824,0,0,1,0,0,0,0,0,0,0,0,0,0,1,0,0,0,0,0,1871127.4673800003,-62462.0991400003,78972.0,-112.0
251,2019-06-23,1.673,119.42999999999999,79611,16196,44466.035,1858268.5775300001,0,0,0,1,0,0,0,0,0,0,0,0,0,1,0,0,0,0,0,1808665.36824,49603.209290000144,78860.0,751.0
252,2019-06-24,1.669,130.86,79330,15991,41148.41,1815617.36532,0,1,0,0,0,0,0,0,0,0,0,0,0,1,0,0,0,0,0,1858268.5775300001,-42651.21221000003,79611.0,-281.0
253,2019-06-25,1.49,152.63,79569,16268,36306.68,1898542.5393600003,0,0,0,0,0,1,0,0,0,0,0,0,0,1,0,0,0,0,0,1815617.36532,82925.17404000019,79330.0,239.0
254,2019-06-26,1.394,144.1,79977,16588,38140.898,1884417.8340599998,0,0,0,0,0,0,1,0,0,0,0,0,0,1,0,0,0,0,0,1898542.5393600003,-14124.705300000496,79569.0,408.0
255,2019-06-27,1.411,147.63,79228,16001,36166.422,1890511.6332599996,0,0,0,0,1,0,0,0,0,0,0,0,0,1,0,0,0,0,0,1884417.8340599998,6093.799199999776,79977.0,-749.0
256,2019-06-28,1.568,148.84,79330,16254,40958.047999999995,1893577.6025200002,1,0,0,0,0,0,0,0,0,0,0,0,0,1,0,0,0,0,0,1890511.6332599996,3065.9692600006238,79228.0,102.0
257,2019-06-29,1.613,121.42999999999999,78984,16020,44084.208,1854456.75422,0,0,1,0,0,0,0,0,0,0,0,0,0,1,0,0,0,0,0,1893577.6025200002,-39120.84830000019,79330.0,-346.0
258,2019-06-30,1.979,97.52,79063,16074,52717.395000000004,1825826.73735,0,0,0,1,0,0,0,0,0,0,0,0,0,1,0,0,0,0,0,1854456.75422,-28630.016869999934,78984.0,79.0
259,2019-07-01,1.775,119.62,78892,16049,46101.42,1931051.18586,0,1,0,0,0,0,0,0,0,0,0,0,1,0,0,0,0,0,0,1825826.73735,105224.44851000002,79063.0,-171.0
260,2019-07-02,1.763,109.3,78983,16151,45449.301999999996,1778528.7749999997,0,0,0,0,0,1,0,0,0,0,0,0,1,0,0,0,0,0,0,1931051.18586,-152522.4108600004,78892.0,91.0
261,2019-07-03,1.596,140.02,79439,16187,42579.672999999995,1924070.9368100003,0,0,0,0,0,0,1,0,0,0,0,0,1,0,0,0,0,0,0,1778528.7749999997,145542.16181000066,78983.0,456.0
262,2019-07-04,1.58,127.05,79226,16013,41383.597,1886786.54929,0,0,0,0,1,0,0,0,0,0,0,0,1,0,0,0,0,0,0,1924070.9368100003,-37284.38752000034,79439.0,-213.0
263,2019-07-05,1.706,116.03999999999999,78872,16246,44072.725000000006,1835245.7326200004,1,0,0,0,0,0,0,0,0,0,0,0,1,0,0,0,0,0,0,1886786.54929,-51540.81666999962,79226.0,-354.0
264,2019-07-06,1.5939999999999999,132.64999999999998,78627,16198,41172.234,1868656.4262499998,0,0,1,0,0,0,0,0,0,0,0,0,1,0,0,0,0,0,0,1835245.7326200004,33410.69362999941,78872.0,-245.0
265,2019-07-07,1.4619999999999997,145.09,79034,16230,36734.344999999994,1853059.4196499998,0,0,0,1,0,0,0,0,0,0,0,0,1,0,0,0,0,0,0,1868656.4262499998,-15597.006599999964,78627.0,407.0
266,2019-07-08,1.7730000000000001,116.51,79036,16212,44818.30100000001,1846853.19606,0,1,0,0,0,0,0,0,0,0,0,0,1,0,0,0,0,0,0,1853059.4196499998,-6206.223589999834,79034.0,2.0
267,2019-07-09,1.697,132.47,78963,16124,41785.327000000005,1934335.5453400002,0,0,0,0,0,1,0,0,0,0,0,0,1,0,0,0,0,0,0,1846853.19606,87482.3492800002,79036.0,-73.0
268,2019-07-10,1.7790000000000001,112.61,79147,16531,48152.062999999995,1894152.48755,0,0,0,0,0,0,1,0,0,0,0,0,1,0,0,0,0,0,0,1934335.5453400002,-40183.057790000224,78963.0,184.0
269,2019-07-11,1.663,117.11000000000001,79272,16224,44641.407,1843571.71057,0,0,0,0,1,0,0,0,0,0,0,0,1,0,0,0,0,0,0,1894152.48755,-50580.77697999985,79147.0,125.0
270,2019-07-12,1.727,108.35,79364,16276,47423.379,1783352.62014,1,0,0,0,0,0,0,0,0,0,0,0,1,0,0,0,0,0,0,1843571.71057,-60219.0904300001,79272.0,92.0
271,2019-07-13,1.327,163.81,79083,15996,32800.536,1889442.5076,0,0,1,0,0,0,0,0,0,0,0,0,1,0,0,0,0,0,0,1783352.62014,106089.88745999988,79364.0,-281.0
272,2019-07-14,2.041,96.98,79721,16228,53852.059,1844388.632,0,0,0,1,0,0,0,0,0,0,0,0,1,0,0,0,0,0,0,1889442.5076,-45053.87559999991,79083.0,638.0
273,2019-07-15,1.865,115.89,79681,16167,46510.873,1830675.17952,0,1,0,0,0,0,0,0,0,0,0,0,1,0,0,0,0,0,0,1844388.632,-13713.452479999978,79721.0,-40.0
274,2019-07-16,2.0789999999999997,97.76,79084,16100,54215.437999999995,1879214.3489199998,0,0,0,0,0,1,0,0,0,0,0,0,1,0,0,0,0,0,0,1830675.17952,48539.16939999978,79681.0,-597.0
275,2019-07-17,1.831,114.66,79171,16280,46520.89199999999,1902117.2395999995,0,0,0,0,0,0,1,0,0,0,0,0,1,0,0,0,0,0,0,1879214.3489199998,22902.89067999972,79084.0,87.0
276,2019-07-18,1.679,129.89999999999998,79376,16264,41623.642,1891061.83814,0,0,0,0,1,0,0,0,0,0,0,0,1,0,0,0,0,0,0,1902117.2395999995,-11055.401459999615,79171.0,205.0
277,2019-07-19,1.6280000000000001,129.12,79311,16013,44072.315,1988588.437,1,0,0,0,0,0,0,0,0,0,0,0,1,0,0,0,0,0,0,1891061.83814,97526.59886000003,79376.0,-65.0
278,2019-07-20,1.352,152.25,79348,16256,36850.58,1897778.6199699999,0,0,1,0,0,0,0,0,0,0,0,0,1,0,0,0,0,0,0,1988588.437,-90809.81703000003,79311.0,37.0
279,2019-07-21,1.427,137.47,79690,16184,41039.028999999995,1842307.64466,0,0,0,1,0,0,0,0,0,0,0,0,1,0,0,0,0,0,0,1897778.6199699999,-55470.97530999989,79348.0,342.0
280,2019-07-22,1.475,143.8,79680,16225,42468.03,1934279.97867,0,1,0,0,0,0,0,0,0,0,0,0,1,0,0,0,0,0,0,1842307.64466,91972.33401000011,79690.0,-10.0
281,2019-07-23,1.286,166.95,79347,16398,32070.589999999997,1898084.6089899999,0,0,0,0,0,1,0,0,0,0,0,0,1,0,0,0,0,0,0,1934279.97867,-36195.369680000236,79680.0,-333.0
282,2019-07-24,1.315,158.17000000000002,79153,16195,34754.657,1933473.47298,0,0,0,0,0,0,1,0,0,0,0,0,1,0,0,0,0,0,0,1898084.6089899999,35388.863990000216,79347.0,-194.0
283,2019-07-25,1.44,142.14,79307,16450,36042.324,1810493.38674,0,0,0,0,1,0,0,0,0,0,0,0,1,0,0,0,0,0,0,1933473.47298,-122980.08624000009,79153.0,154.0
284,2019-07-26,1.395,143.76,79202,16288,38511.039,1896434.5284499999,1,0,0,0,0,0,0,0,0,0,0,0,1,0,0,0,0,0,0,1810493.38674,85941.14170999988,79307.0,-105.0
285,2019-07-27,1.6880000000000002,127.11999999999999,79610,16340,42082.618,1866815.94232,0,0,1,0,0,0,0,0,0,0,0,0,1,0,0,0,0,0,0,1896434.5284499999,-29618.586129999952,79202.0,408.0
286,2019-07-28,1.7280000000000002,117.11,79945,16337,45634.253000000004,1836867.62181,0,0,0,1,0,0,0,0,0,0,0,0,1,0,0,0,0,0,0,1866815.94232,-29948.32050999999,79610.0,335.0
287,2019-07-29,1.5610000000000002,133.35,80408,16373,45453.42,1911715.8782499996,0,1,0,0,0,0,0,0,0,0,0,0,1,0,0,0,0,0,0,1836867.62181,74848.25643999968,79945.0,463.0
288,2019-07-30,1.566,130.99,80389,16558,42670.412,1911380.8875199999,0,0,0,0,0,1,0,0,0,0,0,0,1,0,0,0,0,0,0,1911715.8782499996,-334.9907299997285,80408.0,-19.0
289,2019-07-31,1.9640000000000002,105.12,80319,16574,51254.66100000001,1881164.6204400002,0,0,0,0,0,0,1,0,0,0,0,0,1,0,0,0,0,0,0,1911380.8875199999,-30216.26707999967,80389.0,-70.0
290,2019-08-01,1.4609999999999999,134.82,80661,16315,38988.121,1793206.60954,0,0,0,0,1,0,0,0,1,0,0,0,0,0,0,0,0,0,0,1881164.6204400002,-87958.01090000011,80319.0,342.0
291,2019-08-02,1.8599999999999999,115.97,80315,16372,47590.17,1878690.93072,1,0,0,0,0,0,0,0,1,0,0,0,0,0,0,0,0,0,0,1793206.60954,85484.32117999997,80661.0,-346.0
292,2019-08-03,1.675,118.74000000000001,80090,16393,46768.01,1879987.50788,0,0,1,0,0,0,0,0,1,0,0,0,0,0,0,0,0,0,0,1878690.93072,1296.5771599998698,80315.0,-225.0
293,2019-08-04,1.843,109.53,80893,16558,49597.101,1864074.3297899999,0,0,0,1,0,0,0,0,1,0,0,0,0,0,0,0,0,0,0,1879987.50788,-15913.17809000006,80090.0,803.0
294,2019-08-05,1.589,144.93,80344,16590,41175.002,1922988.58903,0,1,0,0,0,0,0,0,1,0,0,0,0,0,0,0,0,0,0,1864074.3297899999,58914.25924000004,80893.0,-549.0
295,2019-08-06,1.87,107.03999999999999,80459,16393,51433.710999999996,1925716.5421300002,0,0,0,0,0,1,0,0,1,0,0,0,0,0,0,0,0,0,0,1922988.58903,2727.9531000002753,80344.0,115.0
296,2019-08-07,1.654,127.19,80319,16337,42474.706000000006,1926062.9592600001,0,0,0,0,0,0,1,0,1,0,0,0,0,0,0,0,0,0,0,1925716.5421300002,346.417129999958,80459.0,-140.0
297,2019-08-08,1.4829999999999999,133.87,80150,16233,41915.611999999994,1860590.5281999998,0,0,0,0,1,0,0,0,1,0,0,0,0,0,0,0,0,0,0,1926062.9592600001,-65472.43106000032,80319.0,-169.0
298,2019-08-09,1.4649999999999999,148.76000000000002,79408,16007,37386.21,1895416.7734700001,1,0,0,0,0,0,0,0,1,0,0,0,0,0,0,0,0,0,0,1860590.5281999998,34826.245270000305,80150.0,-742.0
299,2019-08-10,1.9169999999999998,103.97,79750,16307,51913.83099999999,1885102.7114899997,0,0,1,0,0,0,0,0,1,0,0,0,0,0,0,0,0,0,0,1895416.7734700001,-10314.061980000464,79408.0,342.0
300,2019-08-11,1.5110000000000001,132.37,80063,16219,42320.841,1862574.3411100002,0,0,0,1,0,0,0,0,1,0,0,0,0,0,0,0,0,0,0,1885102.7114899997,-22528.370379999513,79750.0,313.0
301,2019-08-12,1.6270000000000002,132.35,80169,16373,42245.992000000006,1919383.96868,0,1,0,0,0,0,0,0,1,0,0,0,0,0,0,0,0,0,0,1862574.3411100002,56809.62756999978,80063.0,106.0
302,2019-08-13,2.1609999999999996,96.25999999999999,79959,16245,57269.852999999996,1956471.82344,0,0,0,0,0,1,0,0,1,0,0,0,0,0,0,0,0,0,0,1919383.96868,37087.85476000002,80169.0,-210.0
303,2019-08-14,1.6809999999999998,116.91,80004,16307,46467.669,1866222.8948400002,0,0,0,0,0,0,1,0,1,0,0,0,0,0,0,0,0,0,0,1956471.82344,-90248.92859999975,79959.0,45.0
304,2019-08-15,1.305,149.75,80277,16604,36637.969,1894985.13193,0,0,0,0,1,0,0,0,1,0,0,0,0,0,0,0,0,0,0,1866222.8948400002,28762.23708999972,80004.0,273.0
305,2019-08-16,1.6179999999999999,131.31,80339,16491,45683.705,1925540.1006999998,1,0,0,0,0,0,0,0,1,0,0,0,0,0,0,0,0,0,0,1894985.13193,30554.96876999992,80277.0,62.0
306,2019-08-17,1.503,145.38,80359,16665,40221.96399999999,1906865.98104,0,0,1,0,0,0,0,0,1,0,0,0,0,0,0,0,0,0,0,1925540.1006999998,-18674.11965999985,80339.0,20.0
307,2019-08-18,1.556,129.8,80419,16191,40380.754,1877251.82248,0,0,0,1,0,0,0,0,1,0,0,0,0,0,0,0,0,0,0,1906865.98104,-29614.158559999894,80359.0,60.0
308,2019-08-19,1.654,126.24,80648,16508,46165.44,1965224.2596,0,1,0,0,0,0,0,0,1,0,0,0,0,0,0,0,0,0,0,1877251.82248,87972.4371199999,80419.0,229.0
309,2019-08-20,1.803,113.24000000000001,80522,16260,50105.740000000005,1852147.6830100003,0,0,0,0,0,1,0,0,1,0,0,0,0,0,0,0,0,0,0,1965224.2596,-113076.57658999972,80648.0,-126.0
310,2019-08-21,1.7640000000000002,114.34,80223,16392,47001.903000000006,1919460.5745800002,0,0,0,0,0,0,1,0,1,0,0,0,0,0,0,0,0,0,0,1852147.6830100003,67312.89156999998,80522.0,-299.0
311,2019-08-22,1.505,134.57,80425,16584,40320.045999999995,1858139.1516999996,0,0,0,0,1,0,0,0,1,0,0,0,0,0,0,0,0,0,0,1919460.5745800002,-61321.42288000067,80223.0,202.0
312,2019-08-23,1.5739999999999998,136.64,80301,16359,41356.513999999996,1917875.9716599998,1,0,0,0,0,0,0,0,1,0,0,0,0,0,0,0,0,0,0,1858139.1516999996,59736.819960000226,80425.0,-124.0
313,2019-08-24,1.5150000000000001,130.91,80113,16368,40546.383,1887006.66075,0,0,1,0,0,0,0,0,1,0,0,0,0,0,0,0,0,0,0,1917875.9716599998,-30869.310909999767,80301.0,-188.0
314,2019-08-25,1.7200000000000002,113.51,81055,16600,47688.581000000006,1842247.1554900003,0,0,0,1,0,0,0,0,1,0,0,0,0,0,0,0,0,0,0,1887006.66075,-44759.50525999977,80113.0,942.0
315,2019-08-26,1.436,143.63,80628,16441,38005.574,1938594.9628799998,0,1,0,0,0,0,0,0,1,0,0,0,0,0,0,0,0,0,0,1842247.1554900003,96347.8073899995,81055.0,-427.0
316,2019-08-27,1.616,129.73,80650,16544,43223.248999999996,1956555.4851000002,0,0,0,0,0,1,0,0,1,0,0,0,0,0,0,0,0,0,0,1938594.9628799998,17960.522220000392,80628.0,22.0
317,2019-08-28,1.345,156.23000000000002,80794,16720,33935.937999999995,1860052.60378,0,0,0,0,0,0,1,0,1,0,0,0,0,0,0,0,0,0,0,1956555.4851000002,-96502.88132000016,80650.0,144.0
318,2019-08-29,1.72,116.88,81182,16802,46264.059,1903794.1417900003,0,0,0,0,1,0,0,0,1,0,0,0,0,0,0,0,0,0,0,1860052.60378,43741.53801000025,80794.0,388.0
319,2019-08-30,1.7590000000000001,115.82000000000001,81176,16635,50827.01400000001,1908384.2392800003,1,0,0,0,0,0,0,0,1,0,0,0,0,0,0,0,0,0,0,1903794.1417900003,4590.097490000073,81182.0,-6.0
320,2019-08-31,1.847,107.71000000000001,81018,16548,50879.41499999999,1850194.67355,0,0,1,0,0,0,0,0,1,0,0,0,0,0,0,0,0,0,0,1908384.2392800003,-58189.56573000038,81176.0,-158.0
321,2019-09-01,1.5690000000000002,128.92,81599,16589,42017.288,1913005.67742,0,0,0,1,0,0,0,0,0,0,0,0,0,0,0,0,0,0,1,1850194.67355,62811.00387000013,81018.0,581.0
322,2019-09-02,1.9000000000000001,111.89999999999999,81159,16426,49724.739,1969968.0199499999,0,1,0,0,0,0,0,0,0,0,0,0,0,0,0,0,0,0,1,1913005.67742,56962.34252999979,81599.0,-440.0
323,2019-09-03,1.6400000000000001,130.16,80767,16562,43039.236000000004,1952586.1682400003,0,0,0,0,0,1,0,0,0,0,0,0,0,0,0,0,0,0,1,1969968.0199499999,-17381.85170999961,81159.0,-392.0
324,2019-09-04,1.79,116.84,80733,16627,50889.731,1942684.07021,0,0,0,0,0,0,1,0,0,0,0,0,0,0,0,0,0,0,1,1952586.1682400003,-9902.098030000227,80767.0,-34.0
325,2019-09-05,1.895,111.58,80675,16237,49298.715000000004,1921758.3181200002,0,0,0,0,1,0,0,0,0,0,0,0,0,0,0,0,0,0,1,1942684.07021,-20925.75208999985,80733.0,-58.0
326,2019-09-06,1.724,116.27,80567,16453,46054.32399999999,1917655.0213399997,1,0,0,0,0,0,0,0,0,0,0,0,0,0,0,0,0,0,1,1921758.3181200002,-4103.296780000441,80675.0,-108.0
327,2019-09-07,1.554,139.66000000000003,80692,16531,38885.502,1859533.4303,0,0,1,0,0,0,0,0,0,0,0,0,0,0,0,0,0,0,1,1917655.0213399997,-58121.591039999854,80567.0,125.0
328,2019-09-08,1.72,117.78999999999999,81184,16496,49089.884999999995,1926081.0287499998,0,0,0,1,0,0,0,0,0,0,0,0,0,0,0,0,0,0,1,1859533.4303,66547.59844999993,80692.0,492.0
329,2019-09-09,1.599,137.86,81526,16845,42323.165,1881846.65375,0,1,0,0,0,0,0,0,0,0,0,0,0,0,0,0,0,0,1,1926081.0287499998,-44234.37499999977,81184.0,342.0
330,2019-09-10,1.541,129.11,80753,16512,43147.337,1914771.26835,0,0,0,0,0,1,0,0,0,0,0,0,0,0,0,0,0,0,1,1881846.65375,32924.61459999997,81526.0,-773.0
331,2019-09-11,1.323,151.8,80764,16738,34096.86,1804935.24864,0,0,0,0,0,0,1,0,0,0,0,0,0,0,0,0,0,0,1,1914771.26835,-109836.01971000014,80753.0,11.0
332,2019-09-12,1.762,118.54,80088,16400,45929.69899999999,1889550.28703,0,0,0,0,1,0,0,0,0,0,0,0,0,0,0,0,0,0,1,1804935.24864,84615.03839000012,80764.0,-676.0
333,2019-09-13,1.729,112.07999999999998,80671,16739,48026.41,1848981.6231,1,0,0,0,0,0,0,0,0,0,0,0,0,0,0,0,0,0,1,1889550.28703,-40568.66393000004,80088.0,583.0
334,2019-09-14,1.851,105.97,80478,16540,49664.806000000004,1887790.06002,0,0,1,0,0,0,0,0,0,0,0,0,0,0,0,0,0,0,1,1848981.6231,38808.43692000001,80671.0,-193.0
335,2019-09-15,1.775,113.44,80409,16263,48244.274999999994,1871872.6164000002,0,0,0,1,0,0,0,0,0,0,0,0,0,0,0,0,0,0,1,1887790.06002,-15917.443619999802,80478.0,-69.0
336,2019-09-16,1.5110000000000001,147.83999999999997,80208,16511,41104.994000000006,1929946.0396399999,0,1,0,0,0,0,0,0,0,0,0,0,0,0,0,0,0,0,1,1871872.6164000002,58073.42323999968,80409.0,-201.0
337,2019-09-17,1.5959999999999999,125.38999999999999,79960,16687,44729.808000000005,1884768.99804,0,0,0,0,0,1,0,0,0,0,0,0,0,0,0,0,0,0,1,1929946.0396399999,-45177.04159999988,80208.0,-248.0
338,2019-09-18,1.233,176.44,80157,16487,31492.880000000005,1987854.71636,0,0,0,0,0,0,1,0,0,0,0,0,0,0,0,0,0,0,1,1884768.99804,103085.71831999999,79960.0,197.0
339,2019-09-19,1.9169999999999998,109.14,80212,16433,49151.864,1823837.98784,0,0,0,0,1,0,0,0,0,0,0,0,0,0,0,0,0,0,1,1987854.71636,-164016.7285199999,80157.0,55.0
340,2019-09-20,1.6629999999999998,129.85999999999999,80201,16731,44957.456999999995,1869484.1466299999,1,0,0,0,0,0,0,0,0,0,0,0,0,0,0,0,0,0,1,1823837.98784,45646.15878999978,80212.0,-11.0
341,2019-09-21,1.847,112.36,80298,16442,49578.848,1905833.4817399997,0,0,1,0,0,0,0,0,0,0,0,0,0,0,0,0,0,0,1,1869484.1466299999,36349.33510999987,80201.0,97.0
342,2019-09-22,1.8199999999999998,119.99,80999,16714,48358.843,1935885.66495,0,0,0,1,0,0,0,0,0,0,0,0,0,0,0,0,0,0,1,1905833.4817399997,30052.183210000163,80298.0,701.0
343,2019-09-23,1.709,129.12,81416,16806,47677.24800000001,1974202.1957200002,0,1,0,0,0,0,0,0,0,0,0,0,0,0,0,0,0,0,1,1935885.66495,38316.5307700003,80999.0,417.0
344,2019-09-24,1.463,145.48,81246,16691,40713.066,1853556.74433,0,0,0,0,0,1,0,0,0,0,0,0,0,0,0,0,0,0,1,1974202.1957200002,-120645.4513900003,81416.0,-170.0
345,2019-09-25,1.662,124.11,81065,16571,48378.894,1879858.7298299996,0,0,0,0,0,0,1,0,0,0,0,0,0,0,0,0,0,0,1,1853556.74433,26301.98549999972,81246.0,-181.0
346,2019-09-26,1.9609999999999999,102.56,81286,16691,54458.02099999999,1910948.63465,0,0,0,0,1,0,0,0,0,0,0,0,0,0,0,0,0,0,1,1879858.7298299996,31089.904820000287,81065.0,221.0
347,2019-09-27,1.736,117.92,81195,16692,48886.553,1953127.8879500004,1,0,0,0,0,0,0,0,0,0,0,0,0,0,0,0,0,0,1,1910948.63465,42179.25330000045,81286.0,-91.0
348,2019-09-28,1.462,144.54,81196,16692,37821.088,1956947.68296,0,0,1,0,0,0,0,0,0,0,0,0,0,0,0,0,0,0,1,1953127.8879500004,3819.795009999536,81195.0,1.0
349,2019-09-29,1.27,165.35,81297,16635,32861.808,1938679.8736500002,0,0,0,1,0,0,0,0,0,0,0,0,0,0,0,0,0,0,1,1956947.68296,-18267.80930999969,81196.0,101.0
350,2019-09-30,1.523,130.42,81655,16865,40720.119,1896398.26446,0,1,0,0,0,0,0,0,0,0,0,0,0,0,0,0,0,0,1,1938679.8736500002,-42281.60919000022,81297.0,358.0
351,2019-10-01,1.621,124.02,81114,16672,43142.213,1928739.6963599997,0,0,0,0,0,1,0,0,0,0,0,0,0,0,0,0,0,1,0,1896398.26446,32341.431899999734,81655.0,-541.0
352,2019-10-02,1.796,121.06,81390,16787,51797.36000000001,1925909.55994,0,0,0,0,0,0,1,0,0,0,0,0,0,0,0,0,0,1,0,1928739.6963599997,-2830.136419999646,81114.0,276.0
353,2019-10-03,1.656,125.42,81230,16767,47161.354,1910944.80312,0,0,0,0,1,0,0,0,0,0,0,0,0,0,0,0,0,1,0,1925909.55994,-14964.75682000001,81390.0,-160.0
354,2019-10-04,1.47,150.06,81575,16790,39853.227,1853257.8116099997,1,0,0,0,0,0,0,0,0,0,0,0,0,0,0,0,0,1,0,1910944.80312,-57686.99151000031,81230.0,345.0
355,2019-10-05,1.745,123.04,80802,16629,49198.628,1941825.2744200001,0,0,1,0,0,0,0,0,0,0,0,0,0,0,0,0,0,1,0,1853257.8116099997,88567.4628100004,81575.0,-773.0
356,2019-10-06,1.8169999999999997,104.97,80994,16617,50820.657999999996,1850336.90086,0,0,0,1,0,0,0,0,0,0,0,0,0,0,0,0,0,1,0,1941825.2744200001,-91488.37356000021,80802.0,192.0
357,2019-10-07,1.529,150.56,80764,16579,37825.943,1975847.05803,0,1,0,0,0,0,0,0,0,0,0,0,0,0,0,0,0,1,0,1850336.90086,125510.15717000002,80994.0,-230.0
358,2019-10-08,1.539,131.04000000000002,80830,16853,40467.162000000004,1894915.40691,0,0,0,0,0,1,0,0,0,0,0,0,0,0,0,0,0,1,0,1975847.05803,-80931.65112000005,80764.0,66.0
359,2019-10-09,1.581,129.09,81189,16671,40662.837,1858246.3717200002,0,0,0,0,0,0,1,0,0,0,0,0,0,0,0,0,0,1,0,1894915.40691,-36669.03518999973,80830.0,359.0
360,2019-10-10,1.3860000000000001,145.63,80674,16697,38986.918000000005,1923583.13076,0,0,0,0,1,0,0,0,0,0,0,0,0,0,0,0,0,1,0,1858246.3717200002,65336.75903999992,81189.0,-515.0
361,2019-10-11,1.472,133.66,80899,16708,39738.206999999995,1890059.57832,1,0,0,0,0,0,0,0,0,0,0,0,0,0,0,0,0,1,0,1923583.13076,-33523.55244,80674.0,225.0
362,2019-10-12,1.363,152.24,81334,16599,35297.221000000005,1879695.05809,0,0,1,0,0,0,0,0,0,0,0,0,0,0,0,0,0,1,0,1890059.57832,-10364.52023000014,80899.0,435.0
363,2019-10-13,1.3130000000000002,158.49,81907,16978,36591.905,1965499.35769,0,0,0,1,0,0,0,0,0,0,0,0,0,0,0,0,0,1,0,1879695.05809,85804.29960000003,81334.0,573.0
364,2019-10-14,1.6239999999999999,130.52,81996,16656,43016.152,1994851.23092,0,1,0,0,0,0,0,0,0,0,0,0,0,0,0,0,0,1,0,1965499.35769,29351.873230000027,81907.0,89.0
365,2019-10-15,2.064,99.75,81994,16831,58068.406,1947326.94399,0,0,0,0,0,1,0,0,0,0,0,0,0,0,0,0,0,1,0,1994851.23092,-47524.286929999944,81996.0,-2.0
366,2019-10-16,1.509,133.34,81683,16791,40752.693,1912124.0316299996,0,0,0,0,0,0,1,0,0,0,0,0,0,0,0,0,0,1,0,1947326.94399,-35202.912360000424,81994.0,-311.0
367,2019-10-17,1.6580000000000001,123.36,81559,16769,44844.664000000004,1910188.08592,0,0,0,0,1,0,0,0,0,0,0,0,0,0,0,0,0,1,0,1912124.0316299996,-1935.9457099996507,81683.0,-124.0
368,2019-10-18,1.4520000000000002,141.53,81495,16916,42141.606,1911366.2928999998,1,0,0,0,0,0,0,0,0,0,0,0,0,0,0,0,0,1,0,1910188.08592,1178.2069799997844,81559.0,-64.0
369,2019-10-19,1.3559999999999999,151.67000000000002,81697,16933,36058.013999999996,1933925.7313800002,0,0,1,0,0,0,0,0,0,0,0,0,0,0,0,0,0,1,0,1911366.2928999998,22559.438480000477,81495.0,202.0
370,2019-10-20,1.9260000000000002,101.31,82214,16813,54738.939,1886265.18666,0,0,0,1,0,0,0,0,0,0,0,0,0,0,0,0,0,1,0,1933925.7313800002,-47660.544720000355,81697.0,517.0
371,2019-10-21,1.972,108.95,81780,16680,52597.606,1951973.4213800002,0,1,0,0,0,0,0,0,0,0,0,0,0,0,0,0,0,1,0,1886265.18666,65708.2347200003,82214.0,-434.0
372,2019-10-22,1.521,139.84,81378,16752,43643.649999999994,2019283.08976,0,0,0,0,0,1,0,0,0,0,0,0,0,0,0,0,0,1,0,1951973.4213800002,67309.6683799997,81780.0,-402.0
373,2019-10-23,1.6679999999999997,122.63,81246,16766,47771.28,1915166.2891199996,0,0,0,0,0,0,1,0,0,0,0,0,0,0,0,0,0,1,0,2019283.08976,-104116.80064000026,81378.0,-132.0
374,2019-10-24,1.49,148.93,81373,17045,39565.358,1949419.35234,0,0,0,0,1,0,0,0,0,0,0,0,0,0,0,0,0,1,0,1915166.2891199996,34253.06322000036,81246.0,127.0
375,2019-10-25,1.275,164.19,81522,16750,36436.835999999996,1967778.3008399997,1,0,0,0,0,0,0,0,0,0,0,0,0,0,0,0,0,1,0,1949419.35234,18358.948499999708,81373.0,149.0
376,2019-10-26,1.617,117.22,80906,16821,45120.348,1815720.9677100002,0,0,1,0,0,0,0,0,0,0,0,0,0,0,0,0,0,1,0,1967778.3008399997,-152057.33312999946,81522.0,-616.0
377,2019-10-27,1.4849999999999999,137.47,81827,17159,39470.168,1933420.7950799998,0,0,0,1,0,0,0,0,0,0,0,0,0,0,0,0,0,1,0,1815720.9677100002,117699.8273699996,80906.0,921.0
378,2019-10-28,1.77,109.72999999999999,81945,16817,49378.992999999995,1923719.6344100002,0,1,0,0,0,0,0,0,0,0,0,0,0,0,0,0,0,1,0,1933420.7950799998,-9701.160669999663,81827.0,118.0
379,2019-10-29,1.7599999999999998,132.63,81774,16928,44749.595,1958536.8180400003,0,0,0,0,0,1,0,0,0,0,0,0,0,0,0,0,0,1,0,1923719.6344100002,34817.1836300001,81945.0,-171.0
380,2019-10-30,1.564,128.05,81349,16941,44462.14600000001,1932951.05458,0,0,0,0,0,0,1,0,0,0,0,0,0,0,0,0,0,1,0,1958536.8180400003,-25585.76346000028,81774.0,-425.0
381,2019-10-31,1.642,142.19,81232,16835,40963.44,1913813.2320800002,0,0,0,0,1,0,0,0,0,0,0,0,0,0,0,0,0,1,0,1932951.05458,-19137.822499999776,81349.0,-117.0
382,2019-11-01,1.6869999999999998,114.28999999999999,80745,16823,46008.428,1883737.561,1,0,0,0,0,0,0,0,0,0,0,0,0,0,0,0,1,0,0,1913813.2320800002,-30075.671080000233,81232.0,-487.0
383,2019-11-02,1.7160000000000002,132.79999999999998,81140,16978,45353.963,2014832.6694299998,0,0,1,0,0,0,0,0,0,0,0,0,0,0,0,0,1,0,0,1883737.561,131095.1084299998,80745.0,395.0
384,2019-11-03,1.6329999999999998,122.38,81779,16975,45713.94899999999,1941142.87194,0,0,0,1,0,0,0,0,0,0,0,0,0,0,0,0,1,0,0,2014832.6694299998,-73689.7974899998,81140.0,639.0
385,2019-11-04,1.5100000000000002,141.1,81567,16881,40549.985,1935516.38279,0,1,0,0,0,0,0,0,0,0,0,0,0,0,0,0,1,0,0,1941142.87194,-5626.489150000038,81779.0,-212.0
386,2019-11-05,1.6800000000000002,135.0,81819,17007,42785.835999999996,1914492.42424,0,0,0,0,0,1,0,0,0,0,0,0,0,0,0,0,1,0,0,1935516.38279,-21023.958549999865,81567.0,252.0
387,2019-11-06,1.3800000000000001,147.74,81760,16864,36299.286,1902072.47216,0,0,0,0,0,0,1,0,0,0,0,0,0,0,0,0,1,0,0,1914492.42424,-12419.952080000192,81819.0,-59.0
388,2019-11-07,1.5700000000000003,136.95999999999998,81937,16994,39543.208,1887601.0088300002,0,0,0,0,1,0,0,0,0,0,0,0,0,0,0,0,1,0,0,1902072.47216,-14471.463329999708,81760.0,177.0
389,2019-11-08,1.399,135.71,81591,16833,39498.827999999994,1849921.75302,1,0,0,0,0,0,0,0,0,0,0,0,0,0,0,0,1,0,0,1887601.0088300002,-37679.255810000235,81937.0,-346.0
390,2019-11-09,1.9200000000000002,109.8,81954,17120,50144.073000000004,1842863.49221,0,0,1,0,0,0,0,0,0,0,0,0,0,0,0,0,1,0,0,1849921.75302,-7058.260809999891,81591.0,363.0
391,2019-11-10,1.7530000000000001,116.9,82856,17070,47591.353,1963761.527,0,0,0,1,0,0,0,0,0,0,0,0,0,0,0,0,1,0,0,1842863.49221,120898.03478999995,81954.0,902.0
392,2019-11-11,1.575,131.07,82414,17280,46188.949,1965939.4577600001,0,1,0,0,0,0,0,0,0,0,0,0,0,0,0,0,1,0,0,1963761.527,2177.930760000134,82856.0,-442.0
393,2019-11-12,1.332,142.47,81990,16752,37786.803,1815983.62491,0,0,0,0,0,1,0,0,0,0,0,0,0,0,0,0,1,0,0,1965939.4577600001,-149955.83285000012,82414.0,-424.0
394,2019-11-13,1.553,145.8,81851,16674,40592.382,1930039.12142,0,0,0,0,0,0,1,0,0,0,0,0,0,0,0,0,1,0,0,1815983.62491,114055.49650999997,81990.0,-139.0
395,2019-11-14,1.7970000000000002,119.02,82355,17069,48099.948000000004,1988055.24684,0,0,0,0,1,0,0,0,0,0,0,0,0,0,0,0,1,0,0,1930039.12142,58016.12541999994,81851.0,504.0
396,2019-11-15,1.482,132.55,82185,17031,43319.05,1890700.26326,1,0,0,0,0,0,0,0,0,0,0,0,0,0,0,0,1,0,0,1988055.24684,-97354.98358,82355.0,-170.0
397,2019-11-16,1.736,113.77000000000001,81853,17046,49203.95,1949969.8796,0,0,1,0,0,0,0,0,0,0,0,0,0,0,0,0,1,0,0,1890700.26326,59269.61634000018,82185.0,-332.0
398,2019-11-17,1.7759999999999998,112.05,82567,16852,49732.312,1847380.0066399998,0,0,0,1,0,0,0,0,0,0,0,0,0,0,0,0,1,0,0,1949969.8796,-102589.8729600003,81853.0,714.0
399,2019-11-18,1.8049999999999997,104.04,82526,17173,50272.399999999994,1830305.94212,0,1,0,0,0,0,0,0,0,0,0,0,0,0,0,0,1,0,0,1847380.0066399998,-17074.06451999978,82567.0,-41.0
400,2019-11-19,1.706,125.69,81985,16849,45495.065,1963244.0303700003,0,0,0,0,0,1,0,0,0,0,0,0,0,0,0,0,1,0,0,1830305.94212,132938.08825000026,82526.0,-541.0
401,2019-11-20,1.761,111.01,82147,17193,49783.021,1879631.48678,0,0,0,0,0,0,1,0,0,0,0,0,0,0,0,0,1,0,0,1963244.0303700003,-83612.54359000036,81985.0,162.0
402,2019-11-21,1.44,138.91,81989,17259,41281.729,1913366.9049499999,0,0,0,0,1,0,0,0,0,0,0,0,0,0,0,0,1,0,0,1879631.48678,33735.41816999996,82147.0,-158.0
403,2019-11-22,1.5850000000000002,127.3,81925,16810,42344.469000000005,1911567.0334100004,1,0,0,0,0,0,0,0,0,0,0,0,0,0,0,0,1,0,0,1913366.9049499999,-1799.871539999498,81989.0,-64.0
404,2019-11-23,1.791,110.86,82239,16942,49842.696,1894893.3372,0,0,1,0,0,0,0,0,0,0,0,0,0,0,0,0,1,0,0,1911567.0334100004,-16673.69621000043,81925.0,314.0
405,2019-11-24,1.488,149.10999999999999,82682,16936,40946.293999999994,1950033.3200200002,0,0,0,1,0,0,0,0,0,0,0,0,0,0,0,0,1,0,0,1894893.3372,55139.98282000027,82239.0,443.0
406,2019-11-25,1.423,144.94,82601,17107,41502.85,1941998.61818,0,1,0,0,0,0,0,0,0,0,0,0,0,0,0,0,1,0,0,1950033.3200200002,-8034.701840000227,82682.0,-81.0
407,2019-11-26,1.5670000000000002,136.28,82344,17063,41825.09,1926089.09422,0,0,0,0,0,1,0,0,0,0,0,0,0,0,0,0,1,0,0,1941998.61818,-15909.523959999904,82601.0,-257.0
408,2019-11-27,1.99,95.9,82177,16940,55314.893000000004,1873476.96172,0,0,0,0,0,0,1,0,0,0,0,0,0,0,0,0,1,0,0,1926089.09422,-52612.132500000065,82344.0,-167.0
409,2019-11-28,1.7249999999999999,114.39999999999999,82093,17327,46519.723,1863319.5276,0,0,0,0,1,0,0,0,0,0,0,0,0,0,0,0,1,0,0,1873476.96172,-10157.434120000107,82177.0,-84.0
410,2019-11-29,1.531,144.64,81928,16872,38378.57,1904652.08208,1,0,0,0,0,0,0,0,0,0,0,0,0,0,0,0,1,0,0,1863319.5276,41332.554480000166,82093.0,-165.0
411,2019-11-30,1.501,134.12,82210,17096,39266.868,1882884.88008,0,0,1,0,0,0,0,0,0,0,0,0,0,0,0,0,1,0,0,1904652.08208,-21767.20200000005,81928.0,282.0
412,2019-12-01,1.694,131.04,82857,17234,44402.45,1991997.9129599999,0,0,0,1,0,0,0,0,0,1,0,0,0,0,0,0,0,0,0,1882884.88008,109113.03287999984,82210.0,647.0
413,2019-12-02,1.7329999999999999,121.19,82987,17116,46476.070999999996,2008740.3463799995,0,1,0,0,0,0,0,0,0,1,0,0,0,0,0,0,0,0,0,1991997.9129599999,16742.433419999667,82857.0,130.0
414,2019-12-03,1.5950000000000002,146.89,83621,17216,41522.469000000005,2105921.83416,0,0,0,0,0,1,0,0,0,1,0,0,0,0,0,0,0,0,0,2008740.3463799995,97181.48778000055,82987.0,634.0
415,2019-12-04,1.567,137.52,83837,17289,42664.912000000004,2080839.46326,0,0,0,0,0,0,1,0,0,1,0,0,0,0,0,0,0,0,0,2105921.83416,-25082.37089999998,83621.0,216.0
416,2019-12-05,1.574,152.71,83543,17247,42692.718,2117676.4726,0,0,0,0,1,0,0,0,0,1,0,0,0,0,0,0,0,0,0,2080839.46326,36837.00933999987,83837.0,-294.0
417,2019-12-06,1.8370000000000002,124.71,83409,17004,48966.509000000005,2068716.9633199999,1,0,0,0,0,0,0,0,0,1,0,0,0,0,0,0,0,0,0,2117676.4726,-48959.509280000115,83543.0,-134.0
418,2019-12-07,1.937,107.71000000000001,83459,17214,56162.797000000006,2047958.2501499997,0,0,1,0,0,0,0,0,0,1,0,0,0,0,0,0,0,0,0,2068716.9633199999,-20758.71317000012,83409.0,50.0
419,2019-12-08,1.795,115.72,83661,16994,49269.195,2023457.0185699998,0,0,0,1,0,0,0,0,0,1,0,0,0,0,0,0,0,0,0,2047958.2501499997,-24501.231579999905,83459.0,202.0
420,2019-12-09,1.807,116.05000000000001,84098,17277,50189.252,2060446.6792399997,0,1,0,0,0,0,0,0,0,1,0,0,0,0,0,0,0,0,0,2023457.0185699998,36989.660669999896,83661.0,437.0
421,2019-12-10,1.5370000000000001,133.23,83706,16943,43105.976,2038399.20958,0,0,0,0,0,1,0,0,0,1,0,0,0,0,0,0,0,0,0,2060446.6792399997,-22047.46965999971,84098.0,-392.0
422,2019-12-11,1.551,140.83,83783,17478,46123.244999999995,2066281.9007299999,0,0,0,0,0,0,1,0,0,1,0,0,0,0,0,0,0,0,0,2038399.20958,27882.691149999853,83706.0,77.0
423,2019-12-12,1.625,142.44,84846,17829,45769.947,2183017.83861,0,0,0,0,1,0,0,0,0,1,0,0,0,0,0,0,0,0,0,2066281.9007299999,116735.9378800001,83783.0,1063.0
424,2019-12-13,1.907,119.89,85229,17723,52800.232,2187030.18862,1,0,0,0,0,0,0,0,0,1,0,0,0,0,0,0,0,0,0,2183017.83861,4012.3500100001693,84846.0,383.0
425,2019-12-14,1.9809999999999999,115.37,85804,17620,57907.374,2248993.6995,0,0,1,0,0,0,0,0,0,1,0,0,0,0,0,0,0,0,0,2187030.18862,61963.51087999996,85229.0,575.0
426,2019-12-15,1.5510000000000002,143.92000000000002,86496,17557,43437.347,2176008.16539,0,0,0,1,0,0,0,0,0,1,0,0,0,0,0,0,0,0,0,2248993.6995,-72985.53410999989,85804.0,692.0
427,2019-12-16,1.932,121.06,86691,17929,53773.337,2222940.44659,0,1,0,0,0,0,0,0,0,1,0,0,0,0,0,0,0,0,0,2176008.16539,46932.28119999962,86496.0,195.0
428,2019-12-17,1.604,135.52,86955,17766,48690.345,2181058.0094999997,0,0,0,0,0,1,0,0,0,1,0,0,0,0,0,0,0,0,0,2222940.44659,-41882.43709000014,86691.0,264.0
429,2019-12-18,1.7559999999999998,144.14000000000001,87330,18125,47896.636,2216645.7294799997,0,0,0,0,0,0,1,0,0,1,0,0,0,0,0,0,0,0,0,2181058.0094999997,35587.71998000005,86955.0,375.0
430,2019-12-19,1.9289999999999998,120.31,87681,18103,56091.504,2326466.36312,0,0,0,0,1,0,0,0,0,1,0,0,0,0,0,0,0,0,0,2216645.7294799997,109820.63364000013,87330.0,351.0
431,2019-12-20,1.409,155.17000000000002,87601,17922,42773.207,2216721.1762900003,1,0,0,0,0,0,0,0,0,1,0,0,0,0,0,0,0,0,0,2326466.36312,-109745.18682999955,87681.0,-80.0
432,2019-12-21,1.832,123.1,87112,17784,55633.543999999994,2222813.0225099996,0,0,1,0,0,0,0,0,0,1,0,0,0,0,0,0,0,0,0,2216721.1762900003,6091.84621999925,87601.0,-489.0
433,2019-12-22,1.6310000000000002,138.60999999999999,87837,18167,50709.057,2280766.09815,0,0,0,1,0,0,0,0,0,1,0,0,0,0,0,0,0,0,0,2222813.0225099996,57953.0756400004,87112.0,725.0
434,2019-12-23,1.696,126.69,87942,18052,49777.82000000001,2203209.4850000003,0,1,0,0,0,0,0,0,0,1,0,0,0,0,0,0,0,0,0,2280766.09815,-77556.61314999964,87837.0,105.0
435,2019-12-24,1.86,116.18,87618,17848,54079.242,2207895.6681500003,0,0,0,0,0,1,0,0,0,1,0,0,0,0,0,0,0,0,0,2203209.4850000003,4686.183149999939,87942.0,-324.0
436,2019-12-25,1.713,142.29,86576,17828,47681.739,2138449.83041,0,0,0,0,0,0,1,0,0,1,0,0,0,0,0,0,0,0,0,2207895.6681500003,-69445.83774000034,87618.0,-1042.0
437,2019-12-26,1.706,133.05,86612,17869,46452.208000000006,1983612.43904,0,0,0,0,1,0,0,0,0,1,0,0,0,0,0,0,0,0,0,2138449.83041,-154837.39136999985,86576.0,36.0
438,2019-12-27,1.733,128.51,86951,18049,49999.616,2158180.91202,1,0,0,0,0,0,0,0,0,1,0,0,0,0,0,0,0,0,0,1983612.43904,174568.47298000008,86612.0,339.0
439,2019-12-28,1.658,153.48999999999998,86186,17665,44417.258,2181989.74468,0,0,1,0,0,0,0,0,0,1,0,0,0,0,0,0,0,0,0,2158180.91202,23808.83265999984,86951.0,-765.0
440,2019-12-29,1.145,173.72,86318,17874,33547.504,2025522.33064,0,0,0,1,0,0,0,0,0,1,0,0,0,0,0,0,0,0,0,2181989.74468,-156467.41403999995,86186.0,132.0
441,2019-12-30,1.74,117.24000000000001,86299,17826,49735.090000000004,2033042.2189800001,0,1,0,0,0,0,0,0,0,1,0,0,0,0,0,0,0,0,0,2025522.33064,7519.888340000063,86318.0,-19.0
442,2019-12-31,1.68,125.77,86297,17836,51402.486,2076120.9278799999,0,0,0,0,0,1,0,0,0,1,0,0,0,0,0,0,0,0,0,2033042.2189800001,43078.708899999736,86299.0,-2.0
443,2020-01-01,1.443,153.3,85286,17594,41296.686,2045462.6214,0,0,0,0,0,0,1,0,0,0,0,1,0,0,0,0,0,0,0,2076120.9278799999,-30658.306479999796,86297.0,-1011.0
444,2020-01-02,1.5319999999999998,132.61,84618,17304,42938.118,2022147.3216600001,0,0,0,0,1,0,0,0,0,0,0,1,0,0,0,0,0,0,0,2045462.6214,-23315.29973999993,85286.0,-668.0
445,2020-01-03,1.911,111.96,83829,17157,52886.839,2016575.6896899997,1,0,0,0,0,0,0,0,0,0,0,1,0,0,0,0,0,0,0,2022147.3216600001,-5571.631970000453,84618.0,-789.0
446,2020-01-04,1.9860000000000002,106.96000000000001,83427,17179,53500.16300000001,2004177.3495600002,0,0,1,0,0,0,0,0,0,0,0,1,0,0,0,0,0,0,0,2016575.6896899997,-12398.340129999444,83829.0,-402.0
447,2020-01-05,1.844,109.88,83885,17324,52097.515999999996,2036516.5725999998,0,0,0,1,0,0,0,0,0,0,0,1,0,0,0,0,0,0,0,2004177.3495600002,32339.223039999604,83427.0,458.0
448,2020-01-06,1.6949999999999998,133.34,83536,17290,46030.62299999999,2005032.42966,0,1,0,0,0,0,0,0,0,0,0,1,0,0,0,0,0,0,0,2036516.5725999998,-31484.142939999932,83885.0,-349.0
449,2020-01-07,1.602,123.97,83358,17361,42503.434,1869305.0507399999,0,0,0,0,0,1,0,0,0,0,0,1,0,0,0,0,0,0,0,2005032.42966,-135727.37892000005,83536.0,-178.0
450,2020-01-08,1.432,144.58,82838,17220,38236.162,1954622.05854,0,0,0,0,0,0,1,0,0,0,0,1,0,0,0,0,0,0,0,1869305.0507399999,85317.00780000025,83358.0,-520.0
451,2020-01-09,1.479,146.32000000000002,83009,17573,40600.934,1954321.3745400002,0,0,0,0,1,0,0,0,0,0,0,1,0,0,0,0,0,0,0,1954622.05854,-300.68399999989197,82838.0,171.0
452,2020-01-10,1.661,127.72,83450,17319,43956.181,2006762.9139900003,1,0,0,0,0,0,0,0,0,0,0,1,0,0,0,0,0,0,0,1954321.3745400002,52441.53945000004,83009.0,441.0
453,2020-01-11,1.6,138.72,82990,17290,41722.56,1969355.6994200002,0,0,1,0,0,0,0,0,0,0,0,1,0,0,0,0,0,0,0,2006762.9139900003,-37407.21457000007,83450.0,-460.0
454,2020-01-12,1.875,108.24000000000001,83440,17422,50634.25,1947967.7824400002,0,0,0,1,0,0,0,0,0,0,0,1,0,0,0,0,0,0,0,1969355.6994200002,-21387.91697999998,82990.0,450.0
455,2020-01-13,1.5379999999999998,127.35,83225,17332,45173.514,1947540.38891,0,1,0,0,0,0,0,0,0,0,0,1,0,0,0,0,0,0,0,1947967.7824400002,-427.393530000234,83440.0,-215.0
456,2020-01-14,1.427,148.25,83432,17343,38427.22,1873545.3978000002,0,0,0,0,0,1,0,0,0,0,0,1,0,0,0,0,0,0,0,1947540.38891,-73994.99110999983,83225.0,207.0
457,2020-01-15,1.71,130.81,83331,17257,44078.156,1872662.00668,0,0,0,0,0,0,1,0,0,0,0,1,0,0,0,0,0,0,0,1873545.3978000002,-883.3911200000439,83432.0,-101.0
458,2020-01-16,1.278,161.35,83372,17343,35269.765,1924279.95638,0,0,0,0,1,0,0,0,0,0,0,1,0,0,0,0,0,0,0,1872662.00668,51617.9497,83331.0,41.0
459,2020-01-17,1.7309999999999999,115.56,83338,17364,49297.258,1820360.3631000002,1,0,0,0,0,0,0,0,0,0,0,1,0,0,0,0,0,0,0,1924279.95638,-103919.59327999991,83372.0,-34.0
460,2020-01-18,1.593,124.05,83327,17444,44773.007,1948768.7349900003,0,0,1,0,0,0,0,0,0,0,0,1,0,0,0,0,0,0,0,1820360.3631000002,128408.37189000007,83338.0,-11.0
461,2020-01-19,1.4249999999999998,141.62,83306,17390,40365.655,2014953.9085499998,0,0,0,1,0,0,0,0,0,0,0,1,0,0,0,0,0,0,0,1948768.7349900003,66185.17355999956,83327.0,-21.0
462,2020-01-20,1.7550000000000001,118.29,83461,17511,48542.76700000001,1940443.4295200002,0,1,0,0,0,0,0,0,0,0,0,1,0,0,0,0,0,0,0,2014953.9085499998,-74510.47902999958,83306.0,155.0
463,2020-01-21,1.976,112.52,82963,17216,52737.941000000006,2016165.1810300003,0,0,0,0,0,1,0,0,0,0,0,1,0,0,0,0,0,0,0,1940443.4295200002,75721.75151000009,83461.0,-498.0
464,2020-01-22,1.582,135.8,83567,17488,41381.401000000005,1995294.38198,0,0,0,0,0,0,1,0,0,0,0,1,0,0,0,0,0,0,0,2016165.1810300003,-20870.799050000263,82963.0,604.0
465,2020-01-23,1.971,112.97,83802,17735,52639.096000000005,2018587.61004,0,0,0,0,1,0,0,0,0,0,0,1,0,0,0,0,0,0,0,1995294.38198,23293.228059999878,83567.0,235.0
466,2020-01-24,1.988,99.64,83598,17615,56264.319,1940425.9597200002,1,0,0,0,0,0,0,0,0,0,0,1,0,0,0,0,0,0,0,2018587.61004,-78161.65031999978,83802.0,-204.0
467,2020-01-25,1.946,103.03999999999999,83710,17483,54958.993,1987863.2192799998,0,0,1,0,0,0,0,0,0,0,0,1,0,0,0,0,0,0,0,1940425.9597200002,47437.259559999686,83598.0,112.0
468,2020-01-26,1.6349999999999998,132.84,84034,17450,44864.721,2083080.5467800002,0,0,0,1,0,0,0,0,0,0,0,1,0,0,0,0,0,0,0,1987863.2192799998,95217.32750000036,83710.0,324.0
469,2020-01-27,1.735,118.03999999999999,83396,17410,48743.102000000006,1964992.94826,0,1,0,0,0,0,0,0,0,0,0,1,0,0,0,0,0,0,0,2083080.5467800002,-118087.59852000023,84034.0,-638.0
470,2020-01-28,2.024,103.33,83363,17540,56354.844,2081334.81812,0,0,0,0,0,1,0,0,0,0,0,1,0,0,0,0,0,0,0,1964992.94826,116341.86985999998,83396.0,-33.0
471,2020-01-29,1.517,144.13,83453,17537,39501.789,1958879.8349600001,0,0,0,0,0,0,1,0,0,0,0,1,0,0,0,0,0,0,0,2081334.81812,-122454.98315999983,83363.0,90.0
472,2020-01-30,1.8090000000000002,118.73,83213,17781,53847.331000000006,1919586.5289100003,0,0,0,0,1,0,0,0,0,0,0,1,0,0,0,0,0,0,0,1958879.8349600001,-39293.30604999978,83453.0,-240.0
473,2020-01-31,1.858,105.37,82907,17334,52314.973,1911147.6396699997,1,0,0,0,0,0,0,0,0,0,0,1,0,0,0,0,0,0,0,1919586.5289100003,-8438.88924000063,83213.0,-306.0
474,2020-02-01,1.517,148.3,83155,17719,39289.137,2049883.26468,0,0,1,0,0,0,0,0,0,0,1,0,0,0,0,0,0,0,0,1911147.6396699997,138735.6250100003,82907.0,248.0
475,2020-02-02,1.3119999999999998,161.48000000000002,84186,17549,36414.395000000004,1994244.33415,0,0,0,1,0,0,0,0,0,0,1,0,0,0,0,0,0,0,0,2049883.26468,-55638.93053000001,83155.0,1031.0
476,2020-02-03,1.356,144.65,83757,17704,40299.240999999995,1914565.491,0,1,0,0,0,0,0,0,0,0,1,0,0,0,0,0,0,0,0,1994244.33415,-79678.84315000009,84186.0,-429.0
477,2020-02-04,1.8479999999999999,108.92,83725,17569,51468.130999999994,1984242.05228,0,0,0,0,0,1,0,0,0,0,1,0,0,0,0,0,0,0,0,1914565.491,69676.56128000002,83757.0,-32.0
478,2020-02-05,1.61,131.1,84054,17427,47421.416,1966280.95456,0,0,0,0,0,0,1,0,0,0,1,0,0,0,0,0,0,0,0,1984242.05228,-17961.09771999996,83725.0,329.0
479,2020-02-06,1.6540000000000001,125.94,83368,17481,43879.836,1964112.9186300002,0,0,0,0,1,0,0,0,0,0,1,0,0,0,0,0,0,0,0,1966280.95456,-2168.03592999978,84054.0,-686.0
480,2020-02-07,1.5010000000000001,135.66,83608,17768,43122.386000000006,1999518.3905,1,0,0,0,0,0,0,0,0,0,1,0,0,0,0,0,0,0,0,1964112.9186300002,35405.471869999776,83368.0,240.0
481,2020-02-08,1.426,144.24,83057,17207,42196.471,1976656.96138,0,0,1,0,0,0,0,0,0,0,1,0,0,0,0,0,0,0,0,1999518.3905,-22861.429119999986,83608.0,-551.0
482,2020-02-09,1.695,123.44,83429,17395,46052.380000000005,1995915.30186,0,0,0,1,0,0,0,0,0,0,1,0,0,0,0,0,0,0,0,1976656.96138,19258.340480000013,83057.0,372.0
483,2020-02-10,1.858,112.02,83467,17396,51921.482,1986735.87246,0,1,0,0,0,0,0,0,0,0,1,0,0,0,0,0,0,0,0,1995915.30186,-9179.429400000023,83429.0,38.0
484,2020-02-11,1.752,124.0,83870,17685,49305.913,1987002.2491700002,0,0,0,0,0,1,0,0,0,0,1,0,0,0,0,0,0,0,0,1986735.87246,266.3767100002151,83467.0,403.0
485,2020-02-12,1.459,159.56,83806,17521,36814.187,1989753.1289,0,0,0,0,0,0,1,0,0,0,1,0,0,0,0,0,0,0,0,1987002.2491700002,2750.879729999695,83870.0,-64.0
486,2020-02-13,1.786,131.07,83887,17725,46417.947,1922836.2712900003,0,0,0,0,1,0,0,0,0,0,1,0,0,0,0,0,0,0,0,1989753.1289,-66916.8576099996,83806.0,81.0
